source1_entity_id	matched_entity_ids
S1-979423131	
S1-975067754	
S1-564512945	
S1-860034914	
S1-591873972	
S1-638972095	
S1-654164428	
S1-693121791	
S1-275495458	
S1-898005529	
S1-685142985	
S1-289170336	
S1-475975626	
S1-856555851	
S1-578964726	
S1-444220981	
S1-14082537	
S1-99259651	
S1-538937438	S2-560958343
S1-897137251	
S1-876521413	
S1-188335746	
S1-833680175	
S1-447452028	
S1-901489933	
S1-918475329	
S1-471974371	
S1-505913633	
S1-604418408	
S1-210432115	S3-569761024
S1-269048553	
S1-790584679	
S1-681235045	
S1-657284418	
S1-504171163	
S1-285825744	
S1-316628657	
S1-109208620	
S1-381908090	
S1-450592958	
S1-248710583	
S1-301195954	
S1-340094612	
S1-902747863	
S1-768516062	
S1-862986873	
S1-322280648	
S1-64177691	
S1-779476833	
S1-496872991	
S1-873548963	
S1-876908619	
S1-618153949	
S1-494743981	
S1-933497232	
S1-724202787	
S1-135951162	
S1-104794488	
S1-606008275	
S1-356104966	
S1-862294396	
S1-184127586	
S1-718976821	
S1-427993266	
S1-731586555	
S1-386513860	S2-437777761
S1-651335269	
S1-274731053	
S1-945780365	
S1-365156711	
S1-365027697	
S1-677841337	
S1-505203670	
S1-746838324	
S1-613556186	
S1-794783913	
S1-615502694	
S1-645333216	
S1-716705077	
S1-462818498	
S1-258890840	
S1-384297312	
S1-345852113	
S1-180987648	
S1-546335513	
S1-261336515	
S1-206586743	
S1-881629445	
S1-590055707	
S1-699382889	
S1-124263624	
S1-293009916	
S1-620166198	
S1-739326988	
S1-781981744	
S1-699101816	
S1-491705953	S3-168365165
S1-185308414	
S1-930353503	
S1-821249453	
S1-567191028	
S1-601333841	
S1-409021189	S3-52489689
S1-720962858	
S1-377695807	
S1-396076566	
S1-272102249	
S1-755823343	
S1-869843269	
S1-709760094	
S1-358441658	
S1-764596560	
S1-678710760	
S1-654227996	
S1-173543412	
S1-736343295	
S1-334886719	
S1-915472734	
S1-918604744	
S1-233077028	
S1-233887983	
S1-3851374	
S1-749754171	
S1-56303899	
S1-100354982	
S1-611639163	
S1-232047560	
S1-437373863	
S1-854510296	
S1-465190603	
S1-588521455	
S1-540629916	
S1-98901457	
S1-117005445	
S1-851582495	
S1-697453244	
S1-951669284	
S1-159770312	
S1-732005620	
S1-211962746	
S1-335129792	
S1-673024540	
S1-539576652	
S1-304530472	
S1-56108675	
S1-351486727	
S1-322495644	
S1-448154232	
S1-695692454	
S1-477310002	
S1-222853892	
S1-90749241	
S1-206715852	
S1-747500756	
S1-47476094	
S1-405890745	
S1-856783651	
S1-656147490	
S1-764493395	S2-748055271
S1-863264945	
S1-405199325	
S1-444377963	S2-326060523
S1-775111973	
S1-867652622	
S1-607745902	
S1-80887615	
S1-187095662	
S1-937364390	
S1-400651934	S3-209866852
S1-374262049	
S1-493703998	
S1-832576272	
S1-307459235	
S1-52717789	
S1-14689703	
S1-871194689	
S1-927683096	
S1-894153088	
S1-614496363	
S1-78125674	
S1-970110189	
S1-471423763	
S1-487920307	
S1-813731505	
S1-639910240	
S1-315139509	
S1-624610260	
S1-211268739	S3-515155955
S1-502467341	
S1-386161829	
S1-671575480	S3-367996154
S1-449714680	
S1-673202095	
S1-642639156	
S1-793124875	
S1-989419095	
S1-199266767	
S1-54055023	
S1-369771728	
S1-613953356	
S1-86247997	
S1-356063184	
S1-693567126	
S1-54541081	
S1-556446584	
S1-653687130	
S1-216078734	
S1-833380066	
S1-821810997	
S1-27772266	
S1-664771558	
S1-408196555	
S1-578134398	
S1-104711964	
S1-770492095	
S1-592306746	
S1-222312651	
S1-118016045	S3-922467002
S1-563242403	
S1-893356194	
S1-54627942	
S1-7124444	S2-560585358
S1-968746890	
S1-695454800	
S1-596011475	
S1-998873989	
S1-993807880	S3-240483421
S1-507463562	
S1-878258429	
S1-666914253	
S1-962154349	
S1-783744616	
S1-711038723	
S1-723162020	
S1-205415237	
S1-533883140	
S1-305109250	S3-162367903
S1-966326057	
S1-896156179	
S1-88226062	
S1-80211510	S2-134478387
S1-529431928	
S1-792260170	
S1-614453733	
S1-669408170	S2-735911901
S1-273833176	
S1-834464841	
S1-513964321	S3-59175053
S1-558839796	
S1-393976828	
S1-143969205	
S1-845175310	
S1-618767035	
S1-123049113	
S1-566649180	
S1-848235686	
S1-328928503	
S1-901964438	
S1-361565862	
S1-705999119	S2-247241093
S1-455548107	
S1-311574867	
S1-372940141	
S1-708792235	S2-356467591
S1-880347511	
S1-736827618	
S1-852678569	
S1-17833119	
S1-161118530	
S1-45316911	
S1-277691466	
S1-194276167	
S1-552125282	
S1-865865920	
S1-256853355	S2-490048539
S1-871954448	
S1-462813796	
S1-554860067	
S1-426598782	
S1-681916932	
S1-510640726	
S1-682233635	S2-102074572
S1-482862494	
S1-117207772	
S1-541882500	
S1-95861997	
S1-768204468	S3-705237330
S1-194217059	
S1-703746679	
S1-847846518	
S1-426303596	
S1-922293659	S3-990843835
S1-554864448	
S1-814863542	
S1-518626717	
S1-866565456	
S1-746231450	
S1-456546713	
S1-112097188	
S1-734231191	
S1-990177177	
S1-363876354	
S1-515624486	
S1-519677116	
S1-346372904	
S1-466775023	
S1-320683706	
S1-934503231	
S1-324515794	
S1-311379513	
S1-556477919	
S1-640631075	
S1-611364461	
S1-680491681	
S1-662931855	
S1-145307628	
S1-993899266	
S1-431422845	
S1-9100061	
S1-858303764	
S1-892851299	
S1-134755103	S2-823782321
S1-705442613	
S1-437352247	
S1-268569179	
S1-258246183	
S1-192037171	
S1-715477081	
S1-162547171	
S1-645083125	
S1-455730345	
S1-509590990	
S1-490045605	
S1-988651515	
S1-442833434	
S1-293465815	
S1-336901484	
S1-491379125	
S1-893596390	S2-528657208
S1-493741680	
S1-538519094	
S1-740826710	
S1-212240425	
S1-664572733	
S1-554629939	
S1-850231789	
S1-288989110	
S1-217143663	
S1-753693996	
S1-546153296	
S1-129384856	
S1-356287284	
S1-751190477	
S1-846721936	
S1-535211905	
S1-21405810	
S1-630572669	
S1-766183620	S3-28016193
S1-359463007	
S1-943214991	
S1-12310264	
S1-708252940	
S1-964924636	
S1-341790025	
S1-121109821	
S1-388496655	
S1-258998413	
S1-897986294	
S1-592041495	
S1-312974140	
S1-39375159	
S1-77937613	
S1-809522170	
S1-338363065	
S1-107457979	
S1-572718606	
S1-560808067	
S1-535002235	
S1-692361358	
S1-753131124	
S1-33365707	
S1-877652371	
S1-437782962	
S1-571555352	
S1-798563103	
S1-111389790	
S1-952787028	
S1-107031733	
S1-564232505	
S1-768849333	
S1-630365722	
S1-652247475	
S1-303015132	
S1-956429833	
S1-466829310	
S1-936458323	
S1-527806444	
S1-998338211	
S1-618096132	
S1-294641765	
S1-303340439	
S1-173415500	
S1-130452478	
S1-425390607	
S1-871985593	
S1-624371164	
S1-59360377	
S1-743701756	
S1-926589917	
S1-119178176	
S1-841355562	
S1-421713927	
S1-874280598	
S1-608913885	
S1-191805288	
S1-820893263	
S1-776933032	
S1-21007430	
S1-606389029	
S1-926877430	
S1-320497064	
S1-388691695	
S1-475396002	
S1-137883549	
S1-411989420	
S1-137860012	
S1-476194118	
S1-329286242	
S1-763431230	
S1-795237604	
S1-296150007	
S1-922600402	
S1-708180865	
S1-322015300	
S1-926063367	S2-596373160
S1-5301002	
S1-958842064	
S1-335923142	
S1-780384954	
S1-911402799	S2-589119019
S1-89888296	
S1-994362006	
S1-598057444	
S1-378589413	
S1-571317283	
S1-961439934	
S1-20596810	
S1-333277597	
S1-355094827	
S1-790717845	
S1-806712347	
S1-10519875	
S1-747007965	
S1-366372384	
S1-953203175	
S1-285996994	
S1-249502786	
S1-928934146	
S1-493946311	
S1-779212350	
S1-173803780	
S1-918461181	
S1-88512058	
S1-501741915	
S1-607314733	
S1-427043748	
S1-463402826	
S1-73593443	
S1-432354031	
S1-957879908	
S1-261646024	
S1-844293343	S3-736868751
S1-42694473	
S1-867331957	
S1-646411783	
S1-1483166	
S1-679039840	
S1-116091301	
S1-830272034	
S1-66606012	
S1-676734842	
S1-353545858	
S1-370788536	
S1-362153971	
S1-9641481	
S1-291666789	
S1-273237996	
S1-36032696	
S1-936695687	S3-290990706
S1-191704893	
S1-24671557	
S1-100321743	
S1-958399114	
S1-353077924	
S1-704637945	
S1-368051170	
S1-768215910	
S1-194978357	
S1-926755827	
S1-806998676	
S1-441528026	
S1-422966502	S3-618180042
S1-615832991	
S1-424061361	
S1-255104611	
S1-117347004	
S1-60461392	
S1-760484398	
S1-265303008	S3-76886094
S1-420420465	
S1-700246974	
S1-171793355	
S1-99229378	
S1-715220880	
S1-677081305	
S1-183996093	
S1-976967733	
S1-527874266	S2-334435217
S1-659205542	S3-65104815
S1-73997282	
S1-755443287	
S1-986734782	
S1-592794424	S2-438280027
S1-588579701	S2-765397533
S1-16547850	
S1-236283361	
S1-447428399	
S1-53615483	
S1-266068712	
S1-812460013	S3-483900033
S1-54302171	
S1-300226969	
S1-429690295	
S1-881080477	
S1-660595082	
S1-495722402	
S1-56511535	
S1-768786340	
S1-882911994	
S1-89495124	
S1-358418564	
S1-938651793	
S1-891985622	
S1-847693304	
S1-753486309	
S1-858043134	
S1-681274210	
S1-692103740	
S1-811995561	
S1-326565783	
S1-673162538	
S1-185191820	
S1-861410915	
S1-537617892	
S1-320950392	
S1-821543527	
S1-970603873	
S1-167520927	
S1-579078907	S2-129000740
S1-909764604	
S1-510804437	
S1-253528421	
S1-387311677	
S1-338578181	
S1-842040470	
S1-292726836	S2-367068228
S1-477038856	
S1-215812958	
S1-681434719	S2-862418424
S1-562134834	
S1-509532493	
S1-860188680	
S1-842975510	
S1-933485827	
S1-465096796	
S1-572394809	
S1-149674698	
S1-713915680	
S1-703603713	
S1-633029754	
S1-693161832	
S1-776402258	
S1-71897432	
S1-793620684	
S1-512529221	
S1-23837626	
S1-733759016	
S1-938816659	
S1-489370008	
S1-865327897	
S1-854994313	
S1-648135879	
S1-285738369	
S1-960478192	
S1-715201477	
S1-446887090	
S1-848437751	
S1-426721352	
S1-564996104	
S1-260303434	
S1-901312225	
S1-459824019	
S1-25674987	
S1-192380238	
S1-204006604	
S1-886575949	
S1-643644267	
S1-637239203	
S1-478522653	
S1-130320440	
S1-618727504	
S1-44371887	
S1-212371489	
S1-832683053	
S1-19876189	
S1-409022323	
S1-759693897	
S1-718591617	
S1-313008045	
S1-885741685	
S1-167979407	
S1-391835486	
S1-44442474	
S1-838373622	S2-215685680
S1-552016746	
S1-560542496	
S1-533194186	
S1-56370817	
S1-653917773	
S1-212593644	
S1-307827602	
S1-967556375	
S1-301873849	
S1-513195346	
S1-681568782	
S1-311618164	
S1-449645362	
S1-475558501	
S1-126548786	
S1-468805910	S2-251520726
S1-856802218	
S1-216298505	
S1-162925899	
S1-31579413	
S1-235582061	
S1-335081953	
S1-291358721	
S1-208209013	
S1-102410739	
S1-119208238	
S1-852373130	
S1-626744355	
S1-885472976	
S1-503025267	
S1-646976479	S2-696766736,S3-971422726
S1-207486345	
S1-257291664	
S1-475522942	
S1-239077667	
S1-665864939	
S1-794247438	
S1-2863992	
S1-120441944	
S1-334085620	
S1-392793328	
S1-79650176	
S1-627793393	
S1-612468793	
S1-579669128	
S1-63352645	
S1-464412128	
S1-392427223	
S1-420108835	
S1-641097988	
S1-825693174	
S1-265470863	
S1-510559865	
S1-868923858	
S1-917565813	
S1-511611240	
S1-912465065	
S1-403868727	
S1-151067836	
S1-787514177	
S1-414601061	
S1-44357134	
S1-673963854	
S1-480499960	
S1-26593518	
S1-229878870	
S1-320857405	
S1-465458524	
S1-90602974	
S1-834102140	S2-439047791
S1-195952953	
S1-105067083	
S1-994844772	
S1-795532311	
S1-790780237	
S1-286548104	
S1-685554424	
S1-504233540	S2-128625412
S1-147143546	
S1-521886211	
S1-754206269	
S1-434355262	
S1-981774860	
S1-883969085	
S1-508647034	
S1-441653312	
S1-734423202	
S1-291200983	
S1-141051426	
S1-393114846	
S1-652767219	
S1-407644928	
S1-762238792	
S1-811944583	
S1-263726840	
S1-171168365	
S1-277137719	
S1-525803997	
S1-545539558	
S1-943055018	
S1-547176449	
S1-51969897	
S1-742990398	
S1-437210395	
S1-35839290	
S1-125274883	
S1-367806444	
S1-812132232	
S1-394304129	
S1-4672289	
S1-629570799	
S1-948207618	
S1-230468611	
S1-32771691	
S1-213819314	
S1-180911810	
S1-397383756	
S1-698353994	
S1-322820755	
S1-998726676	
S1-526807332	
S1-559247523	
S1-556446149	
S1-572279619	
S1-618431523	
S1-966971178	
S1-46147684	
S1-216034099	
S1-778554500	
S1-312151089	
S1-177750878	
S1-860235206	
S1-337163180	
S1-333797157	
S1-977333036	
S1-523143762	
S1-734179535	
S1-425524162	
S1-824653336	
S1-235957279	
S1-108047996	
S1-568192931	
S1-645077961	
S1-903901873	
S1-993420818	
S1-124589103	S3-484947911
S1-421391630	
S1-374948889	
S1-456726929	
S1-955098869	
S1-23997643	
S1-926324006	
S1-75987854	
S1-210587216	
S1-288191665	
S1-753535261	
S1-38445965	
S1-570676917	
S1-791140960	S3-430228241
S1-8929518	
S1-211893584	
S1-801283322	
S1-529378720	
S1-726963423	
S1-603311802	
S1-558192180	
S1-316012490	
S1-513354893	
S1-713194605	
S1-482127555	
S1-960962745	
S1-879987870	
S1-909932287	
S1-912226400	
S1-544798702	
S1-405480203	
S1-268751265	
S1-500677946	
S1-510700998	
S1-679586058	
S1-983778590	
S1-25964393	
S1-933858303	
S1-273725162	
S1-222770406	
S1-711565108	
S1-973480654	
S1-989786891	
S1-791798043	
S1-847686528	
S1-519686913	
S1-731380336	
S1-274230124	
S1-645944342	S2-241150022
S1-499278132	
S1-916660494	
S1-318665904	
S1-114762294	
S1-277390163	
S1-47822624	
S1-84429653	
S1-114240551	
S1-526725878	
S1-26963836	
S1-311909133	
S1-82782558	
S1-458762170	
S1-111414424	
S1-275231956	
S1-938516237	
S1-57713308	
S1-836272154	
S1-10053402	
S1-468252439	
S1-571546375	
S1-716790199	
S1-524381386	
S1-162246794	S2-46829218
S1-433161875	
S1-75292876	
S1-222153279	
S1-658227530	
S1-109156687	
S1-742346662	
S1-241546624	
S1-814779528	
S1-161582815	
S1-168782924	
S1-763081744	
S1-868580851	
S1-543641471	
S1-886464346	
S1-245595440	
S1-281786549	
S1-858720849	
S1-716140517	
S1-214284106	
S1-866423780	
S1-644392891	
S1-268103589	
S1-449375229	
S1-16775515	
S1-420635977	
S1-87844563	
S1-659400641	
S1-146578257	
S1-318742441	
S1-816347269	
S1-840150146	S2-889598377
S1-218853185	
S1-851346945	
S1-411426075	
S1-536137479	
S1-602306225	
S1-695523535	
S1-385651657	
S1-400499558	
S1-105714853	
S1-569432197	
S1-635338320	
S1-415245490	
S1-612928770	
S1-561445728	
S1-772353429	
S1-609016962	
S1-353736370	
S1-563490483	
S1-906521968	
S1-740618127	
S1-206425849	
S1-706651455	
S1-550745104	
S1-955118011	
S1-591751688	
S1-770935612	
S1-890978639	
S1-59456110	
S1-518851517	
S1-368162057	
S1-525556909	S2-189065825,S3-252736789
S1-846470404	
S1-386671742	
S1-364840659	
S1-317188264	
S1-182149512	
S1-324094044	
S1-984166349	
S1-165232591	
S1-457222408	
S1-590339804	
S1-643988827	S3-405089167
S1-649268320	
S1-331948459	
S1-537814585	
S1-400480340	
S1-705919479	
S1-217078050	
S1-3715712	
S1-870628252	
S1-234844344	
S1-500019290	
S1-314441476	
S1-303330660	
S1-531958090	
S1-962890640	
S1-121061614	
S1-469779991	
S1-900922731	
S1-61371441	
S1-738027821	S2-135260468,S3-343493034
S1-931908354	
S1-621735783	
S1-517476013	S2-17500366
S1-364044857	
S1-578265727	
S1-67758559	
S1-385801787	
S1-185231787	
S1-564573534	
S1-935222877	
S1-367975599	
S1-258074059	
S1-167326049	
S1-732324928	
S1-443449687	
S1-343635191	
S1-442559550	
S1-575347355	
S1-776938453	
S1-383011543	S3-60541103
S1-400869374	
S1-625658513	
S1-190246702	
S1-453879165	
S1-941374439	
S1-131417328	
S1-491453207	
S1-14597417	
S1-366605518	
S1-56801753	
S1-610963604	
S1-792169464	
S1-495335801	
S1-564351594	
S1-740508973	
S1-273375748	
S1-375154536	
S1-35147356	
S1-710732692	
S1-434363203	
S1-160165096	
S1-874266515	
S1-270094075	
S1-438368125	
S1-156930927	
S1-746379812	
S1-902456786	
S1-772242783	
S1-431960619	
S1-174394640	
S1-776331434	
S1-12882672	
S1-316937956	
S1-316506553	
S1-416315200	
S1-368944030	
S1-945424835	
S1-79723271	
S1-769018556	S2-277308545
S1-508126190	
S1-878910714	
S1-893485453	
S1-211418036	
S1-920335527	
S1-232417594	
S1-140234304	
S1-445075991	
S1-165577694	
S1-859038313	S3-515155955
S1-346032946	
S1-366019897	
S1-772250058	
S1-187872285	
S1-845931887	
S1-766389452	
S1-768529514	
S1-658060129	
S1-515208020	
S1-172697680	S3-781414552
S1-300976720	
S1-582928663	
S1-474423218	
S1-259847456	
S1-458784629	
S1-653400543	
S1-416753935	
S1-373934888	
S1-778195642	
S1-304587545	
S1-75950349	
S1-425532265	
S1-315166696	
S1-787000354	
S1-94297599	
S1-902546764	
S1-757628910	
S1-830904620	
S1-216714894	
S1-771078193	S2-434247517
S1-195317934	
S1-152461768	
S1-537040893	
S1-680825481	
S1-884223977	
S1-649577797	
S1-197561365	
S1-828403780	
S1-483751086	
S1-781080311	
S1-35604978	
S1-401769886	S3-395994527
S1-166274095	
S1-814072890	
S1-49188946	
S1-216567668	
S1-838376759	
S1-604072293	
S1-463346687	
S1-521559548	
S1-886358076	
S1-767237640	
S1-920906175	
S1-184449865	
S1-829872370	
S1-913556489	
S1-863497845	
S1-473250209	
S1-618030345	
S1-559677518	
S1-941724101	S3-65104815
S1-240795844	
S1-438861914	
S1-138050335	S3-779988807
S1-440725967	
S1-730844951	
S1-644350761	
S1-724716721	
S1-281554851	
S1-621841704	
S1-646678705	
S1-201763121	
S1-935423444	
S1-153129449	
S1-828807888	
S1-524555798	
S1-633452810	
S1-915034854	S3-278387685
S1-98588344	
S1-888667589	
S1-118692010	
S1-451646872	
S1-989016236	
S1-773882662	
S1-374908696	
S1-478952799	
S1-640803162	
S1-229553530	
S1-388947206	
S1-423075731	
S1-881312646	S3-673400733
S1-931781071	
S1-439838	
S1-296167033	
S1-618259186	
S1-65671369	
S1-35399421	
S1-699399922	
S1-789707082	
S1-543654802	S3-509245411
S1-976037500	
S1-77264071	
S1-806963532	
S1-439370009	
S1-990140567	
S1-60101718	
S1-601155684	
S1-69439356	
S1-846337758	
S1-266188786	
S1-410321021	
S1-324555004	
S1-770132601	
S1-179968365	
S1-813577298	
S1-158227322	
S1-462096336	
S1-399808075	
S1-53023161	
S1-40976790	
S1-434742593	
S1-916406335	
S1-210252450	
S1-125798546	
S1-732989818	
S1-1551068	
S1-660914928	
S1-47405329	
S1-71814910	
S1-274014832	
S1-270608627	
S1-749884387	
S1-653084266	
S1-122398309	
S1-937681122	
S1-652282539	
S1-851512477	
S1-607578504	
S1-41762776	
S1-942059985	
S1-338519760	
S1-606890531	
S1-633207362	
S1-974470501	
S1-957999381	
S1-896702000	
S1-90911680	
S1-849072616	S2-422566828
S1-249340440	
S1-654310448	
S1-542068855	
S1-453510679	
S1-38285246	
S1-193418947	
S1-73291090	
S1-577348215	
S1-423523065	
S1-852185648	
S1-958405389	
S1-726383723	
S1-764857590	
S1-986230248	
S1-485838333	
S1-989032180	
S1-944993228	
S1-377729398	
S1-585544407	S2-22985864
S1-169956558	
S1-964027943	
S1-277665703	
S1-635250186	
S1-910068752	
S1-127154309	
S1-17379189	
S1-940927164	
S1-505338231	
S1-802121956	
S1-470433777	
S1-135156260	
S1-371958988	
S1-929414753	S2-287197147,S2-4332667
S1-629982944	
S1-496078666	
S1-319504113	
S1-784538892	
S1-133784173	
S1-214731040	
S1-731327093	
S1-300467344	
S1-616832544	
S1-57888775	
S1-163875906	
S1-127124826	
S1-664862980	S3-952466336
S1-118121440	
S1-957742706	
S1-887930995	
S1-420877468	
S1-394638616	
S1-341456144	
S1-30627293	
S1-726257313	
S1-921892197	
S1-892834470	
S1-734006523	
S1-612208263	
S1-606041653	
S1-273200341	S3-653920441
S1-537233421	
S1-575800310	
S1-154955984	
S1-638421524	
S1-993915218	
S1-234790504	
S1-779962410	
S1-765561408	
S1-43272512	
S1-174515464	
S1-975889315	
S1-675318075	
S1-612732240	
S1-1386349	
S1-506863324	
S1-924649330	
S1-68588265	
S1-903266796	
S1-281718686	
S1-381510089	
S1-27970897	
S1-475713990	
S1-71128224	S2-495334040
S1-763455344	S2-94583304
S1-427744778	
S1-432845001	
S1-888073169	
S1-357947675	
S1-208671721	S2-206049613
S1-44344651	
S1-303703246	
S1-145639802	
S1-130521333	
S1-16379156	
S1-138535698	
S1-780339527	
S1-545922390	
S1-630074266	
S1-234693937	
S1-821010811	
S1-965974509	
S1-591406144	
S1-271312333	
S1-660976078	
S1-963718925	
S1-486490551	
S1-533937388	
S1-181873147	
S1-12520780	
S1-651602716	
S1-227155500	
S1-252450473	
S1-108177678	
S1-747883577	S3-356383753
S1-753528916	
S1-269692897	
S1-636704355	
S1-689920874	
S1-776474433	
S1-450068985	
S1-6755268	
S1-807139138	
S1-186796938	
S1-499873551	
S1-949652392	
S1-342754674	
S1-550736975	
S1-953522312	
S1-198150870	
S1-711079288	
S1-234140696	
S1-346932804	
S1-391166729	
S1-506746280	
S1-902361098	
S1-61396952	
S1-694624572	
S1-120173034	
S1-415265881	S3-840169124
S1-80945937	S3-219688828
S1-344351651	
S1-996216994	
S1-826538439	
S1-785651756	
S1-580449572	
S1-754987758	
S1-546411954	
S1-519663327	
S1-460655476	
S1-404930014	
S1-341799646	
S1-813854642	
S1-743346372	
S1-163252377	
S1-494698472	
S1-407773734	
S1-134210559	
S1-814590234	
S1-46973557	
S1-284007857	
S1-60682160	
S1-239608494	
S1-34852445	
S1-328708321	S2-344769229
S1-236457950	
S1-468904011	
S1-578068029	
S1-495417225	
S1-961278615	
S1-654572994	
S1-31078706	
S1-107883383	
S1-89630554	
S1-950447006	
S1-374070562	
S1-82953953	
S1-141354993	
S1-137685085	
S1-151299612	
S1-850694288	
S1-525801519	
S1-774762021	
S1-114925308	
S1-247607992	
S1-352284910	
S1-930966982	
S1-320006423	
S1-947691204	
S1-688959378	S2-613722824
S1-115527221	
S1-846076020	
S1-734502107	
S1-600380669	
S1-173639100	
S1-619521330	
S1-245898322	
S1-422616343	
S1-609314097	
S1-995597562	
S1-725600337	
S1-502486738	
S1-887769863	
S1-787130767	
S1-155351780	
S1-350579321	
S1-408416433	
S1-688640549	
S1-903365099	
S1-587098346	
S1-630402023	
S1-175103241	
S1-491521486	
S1-402379093	
S1-196137729	
S1-774580533	
S1-283246224	
S1-959854867	
S1-380665121	
S1-465790100	
S1-160395822	
S1-609067700	
S1-356013070	
S1-397107248	
S1-975583428	S2-495459797
S1-271285757	
S1-570620595	
S1-653063957	
S1-46052195	
S1-960075999	
S1-370439876	
S1-796642505	
S1-228382718	
S1-837022593	
S1-175480440	
S1-234576546	
S1-423089015	
S1-294739475	
S1-221325025	
S1-260650377	
S1-735919721	S2-888224179
S1-952130407	
S1-783682130	
S1-609065896	
S1-748501342	
S1-199623806	
S1-180107048	
S1-725219022	S3-355704763
S1-248534567	
S1-790015183	
S1-133401405	
S1-643310052	
S1-876448035	
S1-357119063	
S1-920293620	
S1-831440775	
S1-363558216	
S1-929066353	
S1-852505729	
S1-7292978	
S1-541006750	
S1-319231175	
S1-400876652	
S1-229493091	
S1-732865026	
S1-262066129	
S1-213085292	
S1-667604222	
S1-519599590	
S1-639251182	
S1-715787659	
S1-50474374	
S1-266892761	
S1-89653475	
S1-524556426	
S1-191220555	
S1-931968407	
S1-127211568	
S1-870879695	
S1-755094575	
S1-889392803	
S1-52749243	
S1-935726444	
S1-402816006	S2-296142016
S1-920219418	
S1-279604590	
S1-210538622	
S1-562423798	
S1-235574203	
S1-972903139	
S1-464101131	
S1-458336628	
S1-571160080	
S1-305916675	
S1-948995366	
S1-254812900	
S1-994268390	
S1-427916083	
S1-489515707	
S1-197878060	
S1-298976026	
S1-680456456	
S1-36730199	
S1-563131368	
S1-788112355	
S1-458134175	
S1-720248800	
S1-643963400	
S1-961747217	
S1-961930200	
S1-692310368	
S1-849477660	
S1-881981798	
S1-406964643	
S1-2985618	
S1-178791026	
S1-579475304	
S1-988872444	
S1-394109080	
S1-600152939	
S1-790615006	
S1-479515975	
S1-962637457	
S1-749952140	
S1-58997820	
S1-819147362	
S1-632874681	
S1-793406278	
S1-199827207	
S1-128950016	
S1-857297983	
S1-991623208	
S1-881251359	
S1-24616135	
S1-779601634	
S1-171887639	
S1-850414976	
S1-612739193	
S1-338608789	
S1-180064136	
S1-898127806	
S1-315403025	
S1-962224532	
S1-883480710	
S1-160877706	
S1-793004417	
S1-733311529	
S1-330203354	
S1-907250377	
S1-601107046	
S1-894249063	
S1-273050942	
S1-211270559	
S1-706135463	
S1-360913219	
S1-410588348	
S1-921249768	
S1-691649735	
S1-332219038	
S1-702491998	
S1-647736934	
S1-859781250	
S1-709052432	
S1-392891643	
S1-833699063	
S1-791606942	
S1-310581427	
S1-919564201	
S1-41117516	
S1-89100121	
S1-489822927	S3-597400692
S1-278030976	
S1-970904187	
S1-687067542	
S1-21345686	
S1-816397689	
S1-176237436	
S1-744720419	
S1-486161226	
S1-434133071	
S1-900823466	
S1-323742599	
S1-929623262	
S1-460791352	
S1-791424644	
S1-847531181	
S1-161200008	
S1-886588412	
S1-186927059	
S1-370023815	
S1-302182277	
S1-385526326	S3-732141568
S1-34149249	
S1-328513848	
S1-730386342	
S1-556095505	
S1-550813450	
S1-925015132	
S1-473138900	
S1-518464723	
S1-207673761	
S1-967551499	
S1-954339034	S2-472933943
S1-634801808	
S1-172225622	
S1-591215793	
S1-373193746	
S1-520886190	S3-601260242
S1-794461048	
S1-699188890	
S1-619047884	
S1-844402874	
S1-843773044	
S1-286410209	
S1-685522444	
S1-819828059	
S1-433767976	
S1-911161268	
S1-765868461	
S1-486852933	
S1-908512579	
S1-737890115	
S1-677416755	
S1-795051867	
S1-863606977	
S1-40240255	
S1-124211291	
S1-535575922	
S1-409096214	
S1-245075452	
S1-134355195	
S1-35230372	
S1-788832094	
S1-150200505	
S1-62632591	
S1-804169002	
S1-501629687	
S1-858703595	
S1-691537806	
S1-736543400	
S1-942408163	
S1-810765877	
S1-908503989	
S1-84330856	
S1-241738442	
S1-217157691	
S1-932854935	
S1-812093290	
S1-792657756	
S1-603909463	
S1-488122219	
S1-19892863	
S1-646559448	
S1-920739239	
S1-302545225	
S1-195451025	
S1-214808868	
S1-888566313	
S1-768389455	S2-32797532
S1-900141601	
S1-744947364	
S1-431742909	
S1-380331604	
S1-695536599	
S1-806450292	
S1-140439683	
S1-950751019	
S1-196702580	
S1-892325065	
S1-827453922	
S1-293392540	
S1-235850240	
S1-356707766	
S1-911069368	
S1-795764787	
S1-432083846	
S1-816770060	
S1-114813559	
S1-470389871	
S1-418217489	S3-255824822
S1-960524645	
S1-684275587	
S1-533397285	S3-75586823
S1-461163149	
S1-467111384	
S1-768789171	
S1-627973892	
S1-565090157	
S1-432842406	
S1-461723751	
S1-519799869	
S1-868567650	
S1-948110275	S3-650656875
S1-237891919	S2-283850800
S1-68671140	
S1-921577872	
S1-29476738	
S1-744368879	
S1-255468800	
S1-219016482	
S1-45762868	
S1-306088154	
S1-374948683	
S1-148800235	
S1-941448855	
S1-398039622	
S1-320456920	
S1-620778347	
S1-505037825	
S1-309143045	
S1-314594256	
S1-790480798	
S1-417109149	
S1-674391363	
S1-50233650	
S1-508932923	
S1-212588262	
S1-653162460	
S1-442681497	
S1-422373086	
S1-757977065	
S1-509098576	
S1-419395573	
S1-157677696	
S1-625213426	
S1-483249136	
S1-812913437	
S1-661985780	
S1-503783081	
S1-980450083	
S1-250936932	
S1-552255804	
S1-736736871	
S1-196255047	
S1-116682554	
S1-937535660	
S1-690801579	
S1-137842923	S2-913428987
S1-558456682	
S1-737371968	
S1-710913350	
S1-682934816	
S1-154846098	
S1-133726642	
S1-349258613	
S1-990961532	
S1-159911	
S1-28950275	S3-125174521
S1-505703245	
S1-929138050	
S1-985661507	
S1-671528527	
S1-559075895	
S1-580651352	
S1-528818676	
S1-238900633	
S1-287294165	
S1-946878507	
S1-574629189	
S1-499532842	
S1-981570922	
S1-730186049	S3-248819990
S1-168043113	
S1-283319060	
S1-903196808	
S1-837139417	
S1-291463180	
S1-449779067	
S1-636389716	
S1-485580463	
S1-188092724	
S1-228735553	
S1-875472096	
S1-35799035	
S1-503459180	S2-829158718
S1-2203558	
S1-470031137	
S1-727499573	
S1-597945197	
S1-390929512	
S1-616303404	
S1-403041813	
S1-312809780	
S1-897641655	
S1-98515406	S3-67158153
S1-33881537	
S1-912013216	
S1-611728399	
S1-119271052	
S1-688431804	
S1-550254576	
S1-441812890	
S1-869227526	
S1-44342836	
S1-702948149	
S1-225362786	
S1-718540426	
S1-336468645	
S1-620709693	
S1-535701716	
S1-706076740	
S1-790086982	
S1-194848657	
S1-250616855	
S1-142769432	
S1-325151039	
S1-950571783	
S1-347854099	
S1-22958404	
S1-344927811	
S1-640239281	
S1-958332082	
S1-875909249	
S1-742209067	
S1-390769924	
S1-953398432	
S1-864368242	
S1-253108518	
S1-724501517	
S1-671350921	
S1-677409128	
S1-130202273	
S1-34525072	
S1-913414279	
S1-923980827	
S1-66349004	
S1-579470647	
S1-43806744	
S1-67587973	
S1-218904193	
S1-461579199	
S1-941319479	
S1-127240170	
S1-344283875	
S1-154315311	
S1-413029464	
S1-693447168	
S1-555188621	
S1-36026321	
S1-885685768	
S1-589383762	
S1-291508483	
S1-311048202	
S1-147202332	
S1-276432346	
S1-240106268	
S1-823533035	
S1-127977729	
S1-818102973	
S1-947539507	
S1-859199741	
S1-302617650	
S1-413943316	
S1-885769982	
S1-534233859	
S1-78207872	
S1-432290474	
S1-710598178	
S1-691107526	
S1-572850928	
S1-10389279	
S1-5189446	
S1-978600420	
S1-674376872	
S1-519049030	
S1-997687849	S3-843408358
S1-684572083	
S1-912591470	
S1-510766825	
S1-848593678	
S1-404279571	
S1-741676838	
S1-714670847	
S1-840391606	
S1-998725734	
S1-929046149	
S1-712179736	
S1-238663337	
S1-979261911	
S1-114693969	
S1-664838573	
S1-859792443	S2-451357111
S1-184906795	
S1-754158124	
S1-48736575	
S1-935194632	
S1-449129829	
S1-601952856	
S1-908966459	
S1-673934759	
S1-991678924	
S1-612266764	
S1-104193230	
S1-506524362	
S1-625930360	
S1-866586563	
S1-141632683	
S1-841639033	
S1-445058943	
S1-619871370	
S1-826896383	
S1-288213238	
S1-402165733	
S1-356674691	
S1-654066608	
S1-278486419	
S1-288399471	
S1-612168331	
S1-849517311	
S1-144043298	
S1-9622899	
S1-475635348	
S1-252666592	
S1-546527879	
S1-288195116	
S1-281686477	
S1-243172165	
S1-30598157	
S1-522232919	
S1-656163595	
S1-957074110	
S1-225303528	
S1-779699451	
S1-454103456	
S1-43170176	
S1-911024705	
S1-592652370	S2-283330205
S1-890869915	
S1-428552159	
S1-913429513	
S1-42696661	
S1-206364758	
S1-250536406	
S1-406425947	
S1-730906971	
S1-961789491	
S1-352459176	S2-503954246
S1-587948056	
S1-564175458	
S1-531907035	
S1-268758655	
S1-236602908	
S1-849449804	
S1-459608616	
S1-966686314	
S1-429539096	
S1-344095061	
S1-771672134	S2-133927269
S1-755515216	
S1-308753890	
S1-162034166	
S1-44446257	
S1-835976747	
S1-885852601	
S1-677814395	
S1-862179325	
S1-483640621	
S1-750142658	
S1-862938834	
S1-595259959	
S1-544470813	
S1-35402789	
S1-451195711	
S1-984094388	
S1-379311248	
S1-249888120	
S1-951198053	S3-275728823
S1-640251364	
S1-767536037	
S1-900477471	
S1-505591526	S3-168365165
S1-705971900	
S1-195830127	
S1-887917632	
S1-397150337	
S1-190082624	
S1-859716874	
S1-791252453	
S1-860412839	
S1-517787867	
S1-71537315	
S1-559542210	
S1-351122853	
S1-384291225	
S1-425202766	
S1-677096301	
S1-612366725	
S1-679421519	
S1-30338974	
S1-797238883	
S1-940632248	
S1-802611031	
S1-707182878	
S1-578523683	
S1-941667791	
S1-211114886	
S1-822303043	
S1-995158673	
S1-732499657	
S1-533830408	
S1-623202231	
S1-837445439	
S1-574477999	
S1-893756601	
S1-847785892	S3-76886094
S1-847581104	
S1-9121255	
S1-641915528	
S1-801843514	
S1-825208533	
S1-501156358	
S1-745048956	
S1-975940053	
S1-837353818	
S1-748201385	
S1-779621763	
S1-497259764	
S1-890793396	
S1-854886911	
S1-54030135	
S1-176618737	
S1-872804801	
S1-611049674	
S1-255730517	
S1-452106038	
S1-914768243	
S1-96196249	
S1-328763946	
S1-809598833	
S1-839176087	
S1-850522402	
S1-160376641	
S1-625980851	
S1-397252459	
S1-500476974	
S1-558904525	
S1-629666254	
S1-42580040	
S1-826785140	
S1-13368782	
S1-230743460	
S1-661617518	
S1-565594195	
S1-629364454	
S1-549878979	S2-361803776
S1-241194969	
S1-473559737	
S1-323471967	
S1-57106881	
S1-120800188	
S1-808624361	
S1-288777324	
S1-431363714	
S1-653861759	
S1-772798108	
S1-289485364	
S1-665265759	
S1-90015848	
S1-400335771	
S1-56106624	
S1-967686012	
S1-18189737	
S1-402845470	
S1-46246620	S3-297523929
S1-458127822	
S1-355911779	
S1-232244775	
S1-18263660	
S1-490438252	
S1-600141756	
S1-615742995	
S1-179528391	
S1-674697328	
S1-522876307	
S1-763544119	
S1-116756924	
S1-948139471	
S1-203927080	
S1-720771520	S3-974683793
S1-444504079	
S1-356459092	
S1-524652065	
S1-402510854	
S1-110892455	
S1-824655252	
S1-624631749	
S1-648072324	
S1-185616688	
S1-940891823	S3-455771040
S1-688271740	
S1-821397905	S2-50438435
S1-6337248	S3-691105254
S1-586343700	
S1-997764762	
S1-468431538	
S1-628076678	
S1-557021410	
S1-466993449	
S1-550734169	
S1-133764506	
S1-789320184	
S1-4222813	
S1-938962051	
S1-711562624	
S1-94515200	
S1-438736781	
S1-533485069	
S1-436117241	
S1-360879052	
S1-928376344	
S1-624868332	
S1-624204578	
S1-744838214	
S1-504186730	
S1-130672148	
S1-387007455	
S1-861294275	
S1-928996228	
S1-5647090	
S1-350534836	
S1-239262898	
S1-666155020	
S1-791262667	
S1-538901800	
S1-718480617	
S1-722903797	S3-373042925
S1-355416203	
S1-77331842	
S1-353194065	
S1-675751509	
S1-597126356	S2-384557814
S1-925786118	
S1-216015673	
S1-746955788	
S1-132920546	
S1-552756030	
S1-756732709	
S1-758156293	
S1-990666784	
S1-658917090	
S1-638776000	
S1-303898712	
S1-754344187	
S1-838677096	
S1-387820403	
S1-279791386	
S1-441965389	
S1-90594516	
S1-624716481	
S1-120037734	
S1-656110588	S3-59143432
S1-801516184	
S1-110844760	
S1-81034498	
S1-157771596	
S1-967884127	
S1-383423569	
S1-905782354	
S1-828727978	
S1-374269964	
S1-401488540	
S1-628692120	
S1-630027947	
S1-542418363	
S1-20864729	
S1-87032553	
S1-284914763	
S1-458677311	
S1-283883323	
S1-828061806	
S1-613221291	
S1-262653566	
S1-60052379	
S1-489799093	
S1-129660211	
S1-510364442	
S1-503916099	
S1-549831905	
S1-954994610	S2-920313823
S1-56905240	
S1-468860015	
S1-576772421	
S1-306464374	
S1-420244636	
S1-908307869	
S1-987555340	
S1-740372123	
S1-169499683	
S1-245053899	
S1-146478007	
S1-804434368	
S1-428089281	
S1-276176665	
S1-617525223	
S1-856753959	
S1-820647564	
S1-56663005	
S1-39952058	
S1-425407092	
S1-889697834	
S1-21690263	
S1-492301501	
S1-345273009	
S1-652323426	
S1-335969582	
S1-806855204	
S1-586636890	
S1-361914761	
S1-732832633	
S1-222675564	
S1-752910982	
S1-379272864	
S1-249120392	
S1-682158726	
S1-511500060	
S1-335734221	
S1-695814715	
S1-112030250	
S1-432395011	
S1-916772259	
S1-766203375	
S1-797890373	
S1-96097968	
S1-64257	
S1-407474261	
S1-738943550	S2-591740736
S1-125306944	
S1-582004908	
S1-280052833	
S1-182942175	
S1-13245477	
S1-209125977	
S1-695375762	
S1-69266358	
S1-420604391	
S1-904608688	
S1-626847816	
S1-83377412	
S1-94200363	S2-379774719
S1-436627504	
S1-387827971	
S1-65363659	
S1-479619176	
S1-649533181	
S1-537784204	
S1-706220397	
S1-890607030	
S1-228362110	
S1-819242192	
S1-214834530	
S1-123819562	
S1-383430304	
S1-47362085	
S1-131905756	
S1-341706643	
S1-740614784	
S1-445274368	
S1-796123203	S3-997425580
S1-147039829	
S1-415852104	
S1-301798641	
S1-748928349	
S1-227351265	
S1-968648437	
S1-983969849	
S1-938898041	S3-405089167
S1-924175159	
S1-632178126	S3-515155955
S1-927635126	
S1-353314424	
S1-79549819	
S1-64618459	
S1-112352601	
S1-474974864	
S1-601756414	
S1-92984674	
S1-279052494	
S1-236379951	
S1-101633748	
S1-558974361	
S1-382337341	
S1-898126449	
S1-813531844	S3-667605726
S1-206767863	
S1-428545326	
S1-473064418	
S1-653818379	
S1-151473886	
S1-300013070	
S1-316133676	
S1-2266496	
S1-877412270	
S1-472369434	
S1-545622380	S2-514724248
S1-595050287	
S1-546213048	
S1-812559674	
S1-879810087	
S1-656954047	
S1-87818807	
S1-931017711	
S1-586373574	
S1-531160374	
S1-367590394	
S1-468103985	S3-443517042
S1-185664385	S2-879039046
S1-270337462	
S1-176695503	S3-603151173
S1-405758588	
S1-417584727	
S1-582659628	
S1-448102245	
S1-961126366	
S1-884270787	
S1-184095423	
S1-858695893	
S1-988952702	
S1-289692740	S2-107623280
S1-829546457	
S1-496640984	
S1-802519528	
S1-914929864	
S1-692539235	
S1-254169978	
S1-961753008	
S1-678137845	
S1-369176763	
S1-944328718	
S1-782722504	
S1-610944601	
S1-809468148	
S1-284714459	
S1-174306578	S2-749049173
S1-154769813	
S1-186107792	
S1-811693311	
S1-791682068	
S1-446024528	
S1-177329081	
S1-241223999	
S1-305801655	
S1-479087538	
S1-313038973	
S1-223738824	
S1-78751609	
S1-364912064	
S1-916292521	
S1-697105092	
S1-624914115	
S1-41973123	
S1-482022943	
S1-121998686	
S1-544828561	
S1-689502353	
S1-276384511	
S1-576750749	
S1-448366915	S2-254702366
S1-521410781	
S1-861427961	
S1-469528685	
S1-410936697	
S1-446148595	
S1-699951830	
S1-879050303	
S1-741613781	
S1-318222651	S3-167091462
S1-265331795	
S1-201060836	
S1-996213072	
S1-215277743	
S1-331361722	
S1-448713637	
S1-944221748	
S1-14643663	
S1-97934198	
S1-635098331	S3-868973262
S1-185825270	
S1-536620666	
S1-572939972	
S1-83192607	
S1-3892807	
S1-378426473	S2-245312336
S1-903400110	
S1-371516244	
S1-804954445	
S1-157360621	
S1-896924421	
S1-797447357	
S1-787512289	
S1-638870515	
S1-104575541	
S1-55215743	
S1-875472776	
S1-530303582	
S1-233995875	
S1-81841052	
S1-44614830	
S1-938992235	
S1-532799631	
S1-490020555	
S1-89808234	
S1-541503110	
S1-809492898	
S1-906453593	
S1-373755724	
S1-850109278	
S1-186586929	
S1-108557910	
S1-793597916	
S1-995405706	
S1-724255820	
S1-796516570	
S1-195435831	
S1-99712136	
S1-230900148	
S1-936266921	
S1-771804586	
S1-781410401	
S1-595451749	
S1-506173635	
S1-228148850	
S1-597050594	
S1-270256864	
S1-675300018	S3-280888928,S3-59143432
S1-860425489	
S1-434105846	
S1-444600824	
S1-845232316	
S1-873969913	
S1-884377796	S2-319790899
S1-61888549	
S1-845663036	
S1-605661455	S3-673707205
S1-530267655	S3-546286050
S1-876050502	
S1-596741719	
S1-285750726	
S1-773427127	
S1-648441104	
S1-939875968	
S1-268056251	
S1-9420005	
S1-411368013	
S1-735267627	
S1-841237760	
S1-206440789	S3-441526542
S1-100265365	
S1-218886835	
S1-690081581	
S1-798305473	
S1-254086399	
S1-812290575	
S1-794073768	
S1-922603358	
S1-629291662	
S1-756459876	
S1-824147409	
S1-385063590	
S1-926319913	
S1-346707896	
S1-346125030	S2-401532718
S1-747398934	
S1-80254959	
S1-126894745	S2-652908158
S1-662914684	
S1-730265384	
S1-912152906	
S1-989451305	
S1-319206465	
S1-663274922	
S1-572472960	
S1-522825178	
S1-750008686	
S1-739098855	
S1-490893760	
S1-515693731	
S1-973174715	
S1-413021851	
S1-318870046	
S1-763267964	
S1-138127590	
S1-292179446	
S1-301098805	
S1-956135575	S3-465788653
S1-832193473	
S1-174134191	
S1-600239884	
S1-169640536	
S1-570881431	
S1-549554606	
S1-772918718	
S1-749958752	
S1-843241874	S3-110199337
S1-782903121	
S1-193648846	
S1-94904584	
S1-97827005	
S1-485019517	
S1-469068982	
S1-761473334	
S1-899076134	
S1-767314808	
S1-683372985	
S1-671074858	
S1-97975168	
S1-756857455	
S1-860825199	
S1-581518106	
S1-646382933	
S1-477787394	
S1-38529898	
S1-6478342	
S1-676803542	
S1-93244950	
S1-17046480	
S1-639141092	
S1-229732833	
S1-184486623	
S1-543566676	
S1-635176732	
S1-729517642	
S1-174760149	
S1-632954373	
S1-67560940	
S1-801340446	
S1-490222083	
S1-48339786	
S1-226024966	
S1-584312239	
S1-240681219	
S1-331808271	
S1-540501526	
S1-918602983	
S1-628968481	
S1-490946023	
S1-350752148	
S1-530226910	
S1-920829992	
S1-948292584	
S1-740158279	
S1-789030990	
S1-302631583	
S1-439155227	
S1-592063569	
S1-855619147	
S1-6409033	
S1-30812361	
S1-573035859	S2-237054895
S1-152810270	
S1-333975670	
S1-464254515	
S1-475483923	
S1-234821158	
S1-536742395	
S1-749428763	S3-685938621
S1-998608509	
S1-56482297	
S1-430315557	
S1-255711508	
S1-84807553	
S1-565498432	
S1-976953774	
S1-302125307	
S1-639124752	
S1-557388356	
S1-591981979	
S1-290216617	
S1-475740319	
S1-887769618	
S1-780561972	
S1-431519688	
S1-344162773	
S1-891479786	
S1-719670854	
S1-224866915	
S1-675089874	
S1-957395450	
S1-241637037	
S1-969515163	
S1-756699563	
S1-525128215	
S1-179649684	
S1-157892317	
S1-741007004	
S1-790550779	
S1-729733158	
S1-254979849	
S1-305311280	
S1-351002764	
S1-200203122	
S1-218326828	
S1-631167491	
S1-814613668	
S1-402859594	
S1-827921783	
S1-585691725	
S1-829966830	
S1-766098145	
S1-974445919	
S1-369671703	
S1-769159495	
S1-405166444	
S1-91280461	
S1-565020539	
S1-946984963	
S1-860467126	
S1-222620966	
S1-791300136	
S1-793076211	
S1-471059238	
S1-249986021	S2-443491839
S1-25971262	
S1-153126083	
S1-597712853	
S1-574437095	
S1-30140328	
S1-169697279	
S1-562400130	
S1-633645103	
S1-523149571	
S1-710116418	
S1-764032950	
S1-555206303	
S1-550361354	
S1-174717263	
S1-191984858	
S1-267071614	
S1-106014375	
S1-393284539	
S1-72823755	
S1-629195364	
S1-429319984	
S1-526891632	
S1-309551957	
S1-849390566	
S1-498499793	
S1-737518288	
S1-88070082	
S1-673691156	
S1-293724447	
S1-195923605	
S1-309547148	
S1-546844941	
S1-778701733	
S1-207007600	
S1-751337542	
S1-307488766	
S1-359772531	S2-143491865
S1-622782722	
S1-69906529	
S1-194138997	S3-417838644
S1-872919515	
S1-345714943	
S1-740913747	
S1-740922837	
S1-502816818	
S1-263580905	
S1-910913652	
S1-160032166	
S1-41259768	
S1-738611490	
S1-892356049	
S1-293666995	
S1-556743901	
S1-384063791	S3-315446068
S1-306445071	
S1-784263248	
S1-163130932	
S1-180584680	
S1-468408271	
S1-754326164	S3-156119830
S1-371642425	
S1-331016415	
S1-907525441	S3-432092957
S1-265840305	S3-451888694
S1-614558388	
S1-811634216	
S1-178390730	
S1-720550222	
S1-678302238	
S1-900620899	
S1-630450761	
S1-717324527	
S1-212375707	S2-778146238
S1-328736918	
S1-44239158	
S1-422142965	
S1-97043820	
S1-219183284	
S1-993460319	
S1-324468154	
S1-173635175	
S1-475726085	
S1-54346426	
S1-309066194	
S1-18638587	
S1-555486056	
S1-672557302	
S1-484341455	
S1-823876573	
S1-8490596	
S1-585246807	
S1-597794276	
S1-730008896	
S1-325449825	
S1-759843665	
S1-174337968	
S1-726240958	
S1-742050675	
S1-719794098	
S1-857464721	
S1-366929210	
S1-770624050	S3-51444445
S1-807836760	
S1-684504363	
S1-131118385	
S1-373182087	
S1-272414886	
S1-687412294	
S1-762536423	
S1-761379965	
S1-78056505	
S1-293242491	
S1-539252455	
S1-698012107	
S1-153911762	
S1-795795967	
S1-388258465	
S1-660083761	
S1-654028289	
S1-104712631	
S1-18709599	
S1-541272892	
S1-860608365	
S1-204463170	
S1-474912773	
S1-389540865	
S1-186381393	
S1-648255389	
S1-976149479	
S1-710199082	
S1-311575210	
S1-797511668	S3-887336771
S1-171798455	
S1-258136200	
S1-279521409	
S1-165224574	
S1-822611720	
S1-203889836	
S1-294931663	
S1-349003902	
S1-152220686	
S1-639973950	
S1-521932289	
S1-629111170	
S1-645057313	
S1-422167417	
S1-524645933	
S1-344558600	
S1-773620127	
S1-758021414	
S1-477206880	
S1-919671809	
S1-365733739	
S1-705762870	
S1-677744521	
S1-110610668	
S1-966565970	
S1-982658273	
S1-963117880	
S1-1869139	
S1-95642318	
S1-11043536	
S1-692051716	
S1-934193727	
S1-507211473	
S1-639295422	
S1-781493417	
S1-302595770	
S1-247689363	
S1-746939805	
S1-315166870	
S1-698308397	
S1-699625986	
S1-329105047	
S1-416244144	
S1-185679707	
S1-767478726	
S1-460313268	S2-96124358
S1-597803368	
S1-617374007	
S1-896249239	
S1-246411990	S3-420067578
S1-187177570	
S1-170000558	
S1-113777538	
S1-450852400	
S1-936395033	
S1-502286729	
S1-652640125	
S1-502080425	
S1-399880824	
S1-138635453	
S1-236237360	
S1-286245429	
S1-175351784	
S1-102374621	
S1-956952490	
S1-89457281	
S1-267038118	
S1-625512547	
S1-692492447	
S1-705523963	
S1-298535405	
S1-52665835	
S1-873743685	
S1-70304206	
S1-162240756	S3-515247862
S1-51524692	
S1-447228996	
S1-14440060	
S1-33890023	
S1-727143171	S2-87470881
S1-80642318	
S1-651694384	
S1-76663975	
S1-144166514	
S1-796255811	
S1-605126392	
S1-621439326	
S1-368587272	
S1-672519960	
S1-742301317	
S1-906098624	S2-956812172
S1-199462725	
S1-609831942	
S1-977246543	
S1-949034446	
S1-804627733	
S1-449604864	
S1-136443866	S2-416549653
S1-477717106	
S1-147820542	
S1-390533617	
S1-240715697	
S1-974393686	
S1-550450425	
S1-512212137	
S1-869365166	
S1-650184416	
S1-321613573	
S1-325331323	
S1-37321722	
S1-831964108	
S1-781280099	
S1-311647164	
S1-583441753	
S1-581729743	
S1-435841384	
S1-222501090	
S1-621877652	
S1-340707061	
S1-638219189	
S1-590421786	
S1-391282647	
S1-973409848	
S1-369227062	
S1-433721943	
S1-190943135	
S1-284040796	
S1-422506802	
S1-43707184	
S1-528423344	
S1-8437779	
S1-683117394	
S1-324341370	
S1-780573163	S3-693551432
S1-467201259	
S1-35609602	
S1-78426255	
S1-556612338	S3-21146615
S1-347185911	
S1-905326965	
S1-455928008	
S1-666812804	
S1-864055116	
S1-29754906	
S1-750328592	
S1-774325276	
S1-897022241	
S1-335275884	
S1-466954801	
S1-405847045	
S1-727510682	
S1-864884298	
S1-75872020	
S1-806288130	
S1-124128140	
S1-219570359	
S1-398371514	
S1-916122288	
S1-688134195	
S1-405876811	
S1-492402021	
S1-362418390	
S1-324800185	
S1-957003817	
S1-30932985	
S1-984829509	
S1-943345551	
S1-14404833	
S1-260808501	
S1-861249372	
S1-641696316	S2-44900752
S1-777805916	
S1-129784775	S3-842145857
S1-95164371	
S1-29992757	
S1-728374147	
S1-884071046	S3-168365165
S1-994227106	
S1-830096249	
S1-896383200	
S1-504551910	
S1-962158060	
S1-341711028	
S1-67884023	
S1-876390176	
S1-568883844	
S1-710165460	
S1-594684440	
S1-742594887	
S1-424509324	
S1-939131599	
S1-766191845	
S1-712134002	
S1-469409960	
S1-942297720	
S1-896655728	
S1-284531622	
S1-523949395	
S1-91097738	
S1-981974244	
S1-834818113	
S1-790722644	
S1-465155386	
S1-424234733	
S1-193384415	
S1-431945456	
S1-570372117	
S1-447895398	
S1-9561948	
S1-224076837	
S1-60516969	
S1-856331404	
S1-908485859	
S1-433233360	
S1-586606165	
S1-30129008	
S1-579661283	
S1-541300169	
S1-449530764	
S1-614956134	
S1-997094513	S2-30953487
S1-38329416	
S1-567826450	
S1-88791705	
S1-214499396	
S1-508793608	
S1-598123520	
S1-277212113	
S1-256376424	
S1-833692962	
S1-111785612	
S1-247062838	
S1-58182388	
S1-815234613	
S1-23938627	
S1-590459065	
S1-856536948	
S1-872167934	
S1-531176001	
S1-870269250	
S1-905797694	
S1-585230449	
S1-517330974	
S1-471962475	
S1-932435356	
S1-515329371	
S1-330416629	
S1-21270833	
S1-854039756	
S1-297419162	
S1-166272014	
S1-363950385	
S1-480012863	
S1-950758772	
S1-847980211	
S1-990007225	
S1-385183834	
S1-147289629	
S1-835660549	
S1-218452143	
S1-694261981	
S1-790063470	
S1-297221955	
S1-757962691	
S1-365589582	
S1-569310846	
S1-887422056	
S1-559797117	
S1-291127821	
S1-664242708	
S1-757430809	
S1-973421154	
S1-329885598	
S1-66903450	S3-352127391
S1-290801447	
S1-770171551	
S1-741990622	S3-136990349
S1-390784312	
S1-962198839	
S1-191609598	
S1-618921394	
S1-333907521	
S1-362007133	
S1-320208494	
S1-437971400	
S1-246090365	
S1-414088260	
S1-438153078	
S1-620977902	
S1-317674528	S2-883022993
S1-57493503	
S1-827311381	
S1-336703846	
S1-403762419	
S1-997534810	
S1-438521761	
S1-482536012	
S1-963712460	
S1-731228263	
S1-891771258	S3-798295548
S1-114197228	
S1-165140536	
S1-601244780	
S1-857137765	
S1-730757586	
S1-980158711	
S1-882056597	
S1-626875558	
S1-989684067	
S1-537082954	
S1-971159316	S2-627724691
S1-254295401	
S1-171076157	S2-557470656
S1-233678249	
S1-345569829	
S1-357170992	
S1-972575833	
S1-811644500	S2-447308087
S1-132370723	
S1-38441997	
S1-375504367	S3-199540979
S1-672787647	
S1-766836831	
S1-846668106	
S1-273997345	
S1-887147827	
S1-540552822	
S1-21273923	
S1-377772539	
S1-633148261	
S1-699466815	
S1-100932738	
S1-649349420	
S1-903775743	
S1-142617224	
S1-272894314	
S1-324857484	
S1-714966969	
S1-92310577	
S1-890651889	
S1-375618866	
S1-753820545	
S1-3602216	
S1-249853004	
S1-204311410	
S1-47750691	
S1-244398130	
S1-690697077	
S1-99445445	
S1-577792323	
S1-698954726	
S1-281288061	
S1-173528259	
S1-585005257	
S1-759122482	
S1-970497868	
S1-210624774	
S1-383074658	
S1-283523399	S2-839879309
S1-248882321	
S1-140798720	
S1-644742171	
S1-998138816	
S1-192233213	
S1-619271	
S1-857811238	
S1-118488309	
S1-930123094	
S1-692655729	
S1-540467096	
S1-780759917	
S1-397813167	
S1-815555574	
S1-815974765	
S1-193609597	
S1-782911876	
S1-781824419	
S1-50365987	
S1-33413802	
S1-798584	
S1-314072555	
S1-226687504	
S1-166960396	
S1-988750192	
S1-91528991	
S1-394075172	
S1-830852651	
S1-141557676	
S1-950488719	
S1-927232507	
S1-803556237	
S1-80401709	
S1-695633714	S2-274379299
S1-286067750	
S1-436025919	
S1-507500631	
S1-926051435	S2-871678715
S1-532437978	
S1-837097583	
S1-963290561	
S1-204343714	
S1-25077942	S2-823782321
S1-513461634	
S1-231838009	
S1-84173873	
S1-945542423	
S1-743882815	
S1-488939541	
S1-352101201	
S1-897751499	
S1-776073188	
S1-762505093	
S1-401324232	
S1-477055947	
S1-196008686	
S1-405888987	
S1-103887086	
S1-182725895	
S1-453727297	
S1-315525267	
S1-989412663	
S1-103133552	S2-778989660
S1-998558288	
S1-586307973	
S1-480876689	
S1-853552400	
S1-494043439	
S1-718756410	S3-621379847
S1-836617873	
S1-532172361	
S1-970272384	
S1-594286666	
S1-493545305	
S1-715586883	
S1-144161151	
S1-12229261	
S1-795556872	S2-21138576
S1-624759911	
S1-162429818	
S1-92640821	
S1-730462195	
S1-120633136	S3-883586633
S1-856361589	
S1-911040040	
S1-861287466	
S1-53403553	
S1-483129758	
S1-51396717	
S1-384621900	
S1-163565528	
S1-924754785	
S1-178500974	
S1-935091962	
S1-931106641	
S1-150716266	
S1-657451229	
S1-279396260	
S1-134176501	
S1-813573940	
S1-607648394	
S1-447617637	S2-924814196
S1-779109507	
S1-871063999	
S1-822799298	
S1-239862890	
S1-140919924	
S1-424126815	
S1-811686080	
S1-591031164	
S1-318990796	
S1-477662205	
S1-530275170	
S1-219037172	
S1-848751974	
S1-898096685	
S1-815939286	
S1-617667472	
S1-390409757	
S1-777153273	
S1-774872343	
S1-490759476	
S1-304844306	
S1-277345844	
S1-251370567	
S1-474316625	
S1-883609076	
S1-999158004	
S1-415961200	
S1-60177814	
S1-627555703	
S1-831659998	
S1-103698211	
S1-801230650	
S1-951862597	
S1-452358151	
S1-870015597	
S1-862897860	
S1-215216233	
S1-440521601	
S1-355634912	
S1-819352731	
S1-394940948	
S1-454106812	
S1-777174941	
S1-373353206	
S1-552858452	
S1-670430266	
S1-631557178	
S1-741965846	
S1-862395576	
S1-226028812	
S1-612908762	
S1-870043045	
S1-675719807	
S1-910677633	
S1-955072397	
S1-803781759	S3-444837451
S1-874291432	
S1-502329630	
S1-939585879	
S1-142035209	
S1-594443490	
S1-31113485	
S1-900230674	
S1-809230054	S2-603787282
S1-524815683	
S1-781795160	
S1-749780468	
S1-719031055	
S1-381315125	
S1-723624662	
S1-824697782	S2-118102100
S1-70764933	
S1-484394769	S3-975520037
S1-222860958	
S1-378372172	
S1-962744493	
S1-560061713	
S1-515106539	
S1-36227812	
S1-416626384	
S1-381372537	
S1-465115154	
S1-827506101	
S1-636812696	
S1-128356960	
S1-730671088	
S1-175579629	
S1-443891849	
S1-961058139	
S1-477588205	
S1-736751181	
S1-714108855	
S1-848614182	
S1-166305562	
S1-639800024	
S1-83596993	
S1-181895638	
S1-401480306	
S1-553360625	
S1-864989541	
S1-595722092	S2-910438033
S1-742990902	
S1-73188057	
S1-730622116	
S1-698586787	
S1-951311392	
S1-702521747	
S1-829745314	
S1-455791671	
S1-130888224	
S1-609943076	
S1-438979485	
S1-6075547	
S1-17282024	
S1-14881664	
S1-718605653	
S1-471428396	
S1-738036869	
S1-833145915	S3-956093291
S1-634311053	S2-288443876
S1-303650492	
S1-772058570	
S1-73999142	
S1-11142690	
S1-894130442	
S1-50021927	
S1-303685702	
S1-287372706	
S1-365650462	
S1-620485863	
S1-344424639	
S1-798493022	
S1-158547727	
S1-943640358	
S1-621737829	
S1-689928016	S2-611768696
S1-484111693	
S1-901145289	
S1-205489165	
S1-163084771	
S1-910215433	
S1-205229820	
S1-216772100	
S1-180476606	
S1-460430472	
S1-867335696	
S1-272460072	
S1-217422697	
S1-101154141	
S1-797211648	
S1-224289604	
S1-530574014	
S1-831379691	
S1-278777107	
S1-887279999	
S1-250224475	
S1-546615077	
S1-72925245	
S1-378115146	
S1-702112912	
S1-773757500	S3-629183630
S1-790198509	
S1-638237277	
S1-582292069	
S1-240915194	
S1-933856490	
S1-118254894	
S1-89180984	
S1-156413666	
S1-389094147	
S1-163593621	
S1-524410423	
S1-448012172	
S1-79133564	
S1-712354160	
S1-662706049	
S1-26205505	
S1-998815664	S3-103828782
S1-524462088	
S1-399928298	S3-182703856
S1-958479038	
S1-81278895	
S1-360395055	
S1-883639207	
S1-393162667	
S1-76529119	
S1-346783636	
S1-648643358	
S1-700145475	
S1-573406462	S2-507369229
S1-987332304	
S1-213263886	
S1-197812555	
S1-491019775	
S1-13259043	
S1-10123591	S2-311647160
S1-13526228	
S1-499679176	
S1-271088326	
S1-553473127	
S1-54891720	
S1-217567108	
S1-985691916	
S1-251704357	
S1-68539162	
S1-836060634	
S1-462930861	
S1-433319098	
S1-193839402	
S1-521885162	
S1-778070211	
S1-96284056	
S1-970708332	
S1-851455786	
S1-325517981	
S1-534591412	
S1-672176525	
S1-676717919	
S1-218640446	
S1-223813672	
S1-931795350	
S1-261518214	
S1-566852610	
S1-158166593	
S1-868570603	
S1-420174299	
S1-424108998	
S1-80299245	
S1-182318999	
S1-981541960	
S1-950783328	
S1-139562945	
S1-208612644	
S1-582802697	
S1-860806623	
S1-622425576	
S1-705720394	
S1-74379246	
S1-961228420	
S1-662747270	S2-874338993
S1-770824811	
S1-141016222	
S1-370069435	
S1-297905392	
S1-673599630	
S1-999930972	
S1-296839460	
S1-916521542	
S1-914245998	
S1-684237122	
S1-338580755	
S1-95136276	
S1-566484505	S2-203949103
S1-977402515	
S1-218758980	
S1-344480489	
S1-611063481	
S1-119034099	S2-558742269,S3-56173763
S1-443504302	
S1-132766673	
S1-843068420	
S1-122722442	
S1-233245121	
S1-961553641	
S1-935879780	
S1-340087932	
S1-578093724	
S1-739011664	
S1-512448538	
S1-905610065	
S1-363512255	
S1-337978980	S3-537334589
S1-12036826	
S1-836197806	S3-515155955
S1-670926971	
S1-706973399	
S1-148923275	
S1-570308851	
S1-723230903	
S1-184264609	
S1-922144622	
S1-642864436	
S1-457104496	
S1-509544241	S3-553705839
S1-871814513	
S1-716199308	
S1-761402504	
S1-477146904	
S1-966216105	
S1-996948489	
S1-462246089	
S1-609749782	
S1-823540561	
S1-57523440	
S1-641785572	
S1-302714590	
S1-90629400	
S1-790553805	
S1-855551228	S2-543191862
S1-788004144	
S1-61736403	
S1-758438047	
S1-847873437	
S1-658179872	
S1-648487852	
S1-20317674	
S1-858935124	
S1-110750708	
S1-923471748	
S1-545210838	
S1-280710439	
S1-247509146	
S1-329854125	
S1-308991407	
S1-563881058	
S1-209249257	
S1-881783953	
S1-125961111	
S1-633000854	
S1-784160825	
S1-626368331	
S1-967687367	
S1-431981879	
S1-382038284	
S1-537637930	
S1-689373877	
S1-153839633	
S1-159003646	
S1-548378255	
S1-636448095	
S1-306047648	
S1-123133369	
S1-738157059	
S1-611342330	
S1-646183691	
S1-944656423	
S1-885637078	
S1-757598156	
S1-939173762	
S1-339929744	
S1-12902376	
S1-849168556	
S1-523247199	
S1-370144932	
S1-724548375	
S1-793763080	
S1-994757271	
S1-152621356	
S1-192087628	
S1-781036323	
S1-362468822	
S1-345546899	
S1-3899566	
S1-69152225	
S1-440157546	
S1-317478785	
S1-911031340	
S1-85262358	
S1-912735006	
S1-356774624	
S1-694526898	
S1-62652697	
S1-711257289	
S1-18383973	
S1-992829483	
S1-995208465	
S1-728137399	
S1-262704831	
S1-871749189	
S1-514318181	
S1-156222953	
S1-42442501	
S1-581636580	
S1-824359628	
S1-209677720	
S1-109149694	
S1-726133430	
S1-361602160	
S1-345450679	
S1-759760637	
S1-560317052	
S1-334120745	
S1-863578051	
S1-641278738	
S1-312437664	
S1-103002447	
S1-930505926	
S1-965729041	
S1-14116351	
S1-900255101	
S1-915450301	
S1-827755531	
S1-72100386	
S1-948736050	
S1-72017406	
S1-652205759	
S1-489488760	
S1-579086873	
S1-108348886	
S1-258397423	
S1-290326197	
S1-387730535	
S1-223986959	
S1-8467755	
S1-630740132	
S1-934205773	
S1-117359583	
S1-308359563	
S1-161785176	
S1-216944626	
S1-906340166	
S1-347017027	
S1-216346917	
S1-509913301	
S1-273330674	
S1-298950456	
S1-187719387	
S1-510103788	
S1-363058976	
S1-351278638	
S1-602190874	
S1-110264911	
S1-41646858	S3-128867864
S1-150153605	
S1-660582317	
S1-687285574	
S1-140401456	
S1-661794313	
S1-948536544	
S1-542852522	
S1-295540899	
S1-359608008	
S1-322465601	
S1-208562941	
S1-327607593	S3-289628334
S1-368056142	
S1-156710734	
S1-50231943	
S1-258207736	
S1-261226148	
S1-858007440	
S1-310344166	
S1-524143922	
S1-979692815	
S1-852074932	
S1-870221471	
S1-343290972	
S1-951730409	
S1-230611331	
S1-936118834	
S1-508111079	
S1-43686334	
S1-830521378	
S1-154903173	
S1-486864868	
S1-309232806	
S1-906858513	
S1-161511731	
S1-268240663	S2-226402834
S1-799169967	
S1-744969337	
S1-647737198	
S1-226100905	
S1-100371730	
S1-823123501	S3-189563890
S1-837427495	
S1-418938829	
S1-453631523	
S1-641782314	S3-462303896
S1-807300135	
S1-680741225	
S1-182512519	
S1-597930371	
S1-315638726	
S1-930062504	
S1-906876440	
S1-161428168	S3-164518108
S1-911229074	
S1-394925408	
S1-900648735	
S1-321150982	
S1-841506800	
S1-379882927	
S1-689079562	
S1-996641936	
S1-54394627	S3-70547197
S1-966878302	
S1-318379173	
S1-222209846	
S1-738777862	
S1-18788216	
S1-458972192	
S1-161686238	
S1-679867693	
S1-280251095	
S1-278571256	
S1-948574312	
S1-122053424	
S1-730212806	
S1-846989130	
S1-779069990	
S1-593637706	
S1-546283916	
S1-716789716	
S1-300858656	
S1-429254186	
S1-643493372	
S1-59522502	
S1-519571182	
S1-614604274	
S1-331147782	
S1-587654458	
S1-399464628	
S1-76786731	
S1-338139835	
S1-262329553	
S1-464739576	
S1-58096016	
S1-203977758	
S1-167309259	
S1-184178535	
S1-927415659	
S1-645725895	
S1-532010487	
S1-879932266	
S1-806062651	
S1-622673105	
S1-843943661	
S1-455671073	
S1-539314246	S3-68039493
S1-813209346	S3-636549567
S1-949721474	
S1-583904002	
S1-467562245	
S1-616996958	
S1-434176071	
S1-999538202	
S1-10941471	
S1-636911820	
S1-222192261	
S1-653979888	
S1-166505150	
S1-164870262	S3-961721803
S1-966572863	
S1-867727016	
S1-60884644	
S1-218690752	S3-65104815
S1-389703758	
S1-617721491	
S1-726516026	
S1-808967344	
S1-627936824	
S1-397980696	
S1-701934210	
S1-165618046	
S1-451303621	S3-236627721
S1-618635096	
S1-22934147	
S1-890775654	
S1-359124146	
S1-444962591	
S1-440493148	
S1-122385784	
S1-663699519	
S1-681770230	
S1-144431734	
S1-59845371	
S1-346215569	
S1-914129268	
S1-724562246	
S1-491047199	
S1-423841938	
S1-612455433	
S1-265050245	
S1-580069292	
S1-471585046	S2-945096649
S1-754074187	S2-977582108
S1-692488211	
S1-781485137	
S1-442365158	
S1-879416901	
S1-685224620	
S1-617095609	
S1-136086076	
S1-8421433	
S1-290547359	
S1-308383458	
S1-26774707	
S1-952611874	
S1-238735591	
S1-361914636	S2-360449193
S1-833216756	
S1-456486983	
S1-374373645	S2-469554466,S2-741580149
S1-276762858	
S1-774230860	
S1-650110130	
S1-714961052	
S1-757744198	
S1-485300728	
S1-959209714	
S1-714086760	
S1-544587059	
S1-643579694	
S1-561865544	
S1-382695482	
S1-610356592	
S1-406344770	
S1-583252529	S2-14874801,S3-222051354
S1-20725495	S3-957736194
S1-40000344	
S1-748125268	
S1-982355935	
S1-776388472	
S1-80757470	
S1-277459786	
S1-108681601	
S1-135737334	
S1-937534268	
S1-639783905	
S1-641392627	
S1-962979545	
S1-698888167	
S1-716752779	
S1-487007357	
S1-641834933	
S1-806661434	
S1-324401505	
S1-760169162	
S1-753487169	
S1-849587207	
S1-256041691	
S1-914992041	
S1-490392206	
S1-25899	
S1-273121476	S2-607230194
S1-392488333	
S1-242878848	
S1-106221426	
S1-647446755	
S1-906243845	
S1-244578999	
S1-248983453	
S1-596081195	
S1-805924006	
S1-56021901	
S1-939964675	
S1-405337742	S3-662085050
S1-826961910	
S1-341555068	
S1-753690018	
S1-498907979	
S1-47587814	
S1-823991515	
S1-272972838	
S1-40439119	
S1-519401951	
S1-712717536	
S1-747362177	
S1-972281156	
S1-746137781	
S1-560982194	
S1-40656348	
S1-49143400	
S1-185080133	
S1-423840562	
S1-991268818	
S1-745653139	
S1-215234389	
S1-399806514	
S1-700829031	S2-266364088
S1-247526207	
S1-984032579	
S1-34257691	
S1-61842497	
S1-834665587	S3-827904020
S1-630724714	
S1-424549919	
S1-185958435	
S1-927400644	
S1-703236441	
S1-326778950	
S1-647382567	
S1-403720565	
S1-651788286	
S1-67019900	
S1-401382866	
S1-607888242	
S1-70749293	
S1-156808855	
S1-414799879	
S1-779286381	
S1-546127122	
S1-503226861	
S1-669081709	
S1-419187570	
S1-140068124	
S1-879854290	
S1-192971430	
S1-649191981	
S1-798299793	
S1-788557612	
S1-122790180	
S1-413182241	
S1-818574530	
S1-791608962	
S1-62939427	
S1-470447511	
S1-673069540	
S1-20172715	
S1-120696821	
S1-466306044	
S1-381132418	S2-280745539
S1-161480591	
S1-655724237	
S1-1750072	
S1-359061035	S3-471589023
S1-255441590	
S1-954231709	
S1-39294666	
S1-338467619	S2-48933444
S1-731937436	
S1-80925130	
S1-863065904	
S1-818864833	
S1-820239048	
S1-179014464	S2-975346304
S1-413340248	
S1-983432687	
S1-132049238	
S1-132845872	
S1-782330845	
S1-693313436	
S1-783758871	
S1-738692770	
S1-544603770	
S1-843954216	S2-700799918
S1-857501776	
S1-208774679	
S1-56347525	
S1-795873978	
S1-958790768	S3-284858072
S1-889437429	
S1-732763409	
S1-920903860	
S1-497772936	
S1-195178280	
S1-113631180	
S1-421196587	
S1-611554373	
S1-339038916	
S1-289495985	
S1-924073438	
S1-707811171	
S1-366213904	
S1-920834522	
S1-351874795	
S1-144825228	
S1-247862563	
S1-128959170	
S1-457265243	
S1-708112808	
S1-54157040	
S1-469600224	
S1-846492199	
S1-531840170	
S1-221873319	
S1-105486398	S3-986496586
S1-281878939	S2-909239207
S1-784360284	
S1-292584545	
S1-817816796	
S1-178744959	
S1-616732185	
S1-83108789	
S1-819919508	
S1-242687773	
S1-122636732	
S1-48536318	
S1-874989347	
S1-846246817	
S1-124665908	
S1-691790469	
S1-772877355	
S1-213365283	
S1-672955465	
S1-259573795	
S1-849181537	S2-424463088
S1-707983092	
S1-582576073	
S1-657336746	
S1-414898688	
S1-516979479	
S1-435489469	
S1-957574026	
S1-116296161	
S1-235020171	
S1-416446633	
S1-834244528	
S1-489728684	
S1-161794241	
S1-624846991	
S1-511126420	
S1-934464770	
S1-253852796	
S1-774314772	
S1-825216818	
S1-623300635	
S1-940328531	
S1-295581752	
S1-388231904	
S1-410671513	
S1-823930472	
S1-992345433	
S1-96189091	
S1-91287208	
S1-721494609	
S1-674159742	
S1-774597464	
S1-196900615	
S1-101097113	
S1-4626989	
S1-240727658	
S1-121244122	
S1-515996058	
S1-934147387	
S1-165305648	
S1-656605549	
S1-868550039	
S1-525249334	
S1-819388265	
S1-442346112	
S1-226536082	
S1-365663285	S3-449361703
S1-999853816	
S1-573201717	
S1-527157525	
S1-67018128	
S1-423297721	
S1-151924375	
S1-146614388	
S1-31187007	
S1-977856091	
S1-13274459	
S1-355185678	
S1-24181690	
S1-561754853	
S1-355569633	
S1-636224625	
S1-783899003	
S1-537194602	
S1-911334668	
S1-428659665	
S1-6327500	
S1-206570846	
S1-212372542	
S1-468154924	
S1-682291809	
S1-715463431	
S1-572064410	
S1-402477687	
S1-90258120	
S1-823503965	
S1-602477543	
S1-179108215	
S1-596097310	
S1-717833620	
S1-919230792	
S1-795207979	
S1-129390651	
S1-872078196	
S1-85741450	
S1-513377383	
S1-860629873	
S1-551050686	
S1-134485489	S2-48933444
S1-641655853	
S1-985608219	
S1-607006311	
S1-537899191	
S1-347039557	
S1-632858123	
S1-689327998	
S1-617359050	
S1-781604707	
S1-510558448	
S1-759615477	
S1-154890943	
S1-841250494	
S1-163589928	
S1-766025814	S3-756921523
S1-307405981	
S1-545057773	
S1-442356680	
S1-722678586	
S1-517510390	
S1-26898204	
S1-652196525	
S1-249178086	
S1-525799711	
S1-869995163	S2-658969011
S1-456631173	
S1-346714489	
S1-53944691	
S1-231780997	
S1-359657544	
S1-792743769	
S1-66649317	
S1-494427038	
S1-421674629	
S1-698947956	
S1-522411638	
S1-110999422	
S1-446973286	
S1-725569229	
S1-385893311	
S1-69123516	
S1-301515462	
S1-300440453	
S1-466078474	
S1-157342136	
S1-829768641	
S1-718364795	
S1-981196455	
S1-148475373	
S1-438532344	
S1-152293439	
S1-341541712	
S1-33291344	
S1-588678643	
S1-633811016	
S1-23007604	
S1-609788722	
S1-551919825	
S1-301507418	
S1-364666701	
S1-938050521	
S1-35829848	
S1-565933528	
S1-353844553	
S1-165971580	
S1-804994897	
S1-210193533	
S1-869054860	
S1-975218622	
S1-24500326	
S1-707798545	
S1-273211897	
S1-54025445	
S1-794515676	
S1-868675853	
S1-985350073	
S1-184257840	
S1-421103077	
S1-892955632	
S1-318540959	
S1-738413425	
S1-275326407	
S1-432390539	
S1-640501918	
S1-9896721	
S1-990974192	
S1-123825428	
S1-513820550	
S1-345398386	
S1-860130869	
S1-929428913	
S1-100194951	
S1-348638987	
S1-904088518	
S1-161551451	
S1-49799597	
S1-417565583	
S1-644810161	
S1-678886616	
S1-287097228	S3-750109455
S1-506269073	
S1-56413827	
S1-192303480	
S1-788569523	
S1-227774446	
S1-860135777	
S1-645788881	
S1-472282360	
S1-151967161	
S1-884473550	
S1-83600199	
S1-241958812	
S1-341927564	S3-647908749
S1-882693080	
S1-752651530	
S1-413049454	
S1-259620115	
S1-917804010	
S1-708296868	
S1-997725994	
S1-854910801	
S1-422734758	
S1-437762291	
S1-282230797	
S1-854244222	
S1-444636099	
S1-925485420	
S1-13089767	S3-750943995
S1-141626849	
S1-462336827	
S1-196045665	
S1-966035434	
S1-685713909	
S1-717843145	
S1-771326649	
S1-562770143	
S1-856165695	
S1-958744257	
S1-808282026	S3-277665233
S1-907135270	
S1-684910997	
S1-979625414	
S1-118283371	
S1-85143193	
S1-820792536	
S1-811849836	
S1-489864727	
S1-589198631	S3-975274571
S1-940472674	
S1-364081230	
S1-447604033	
S1-517616593	
S1-472137476	
S1-507538195	
S1-90901858	
S1-218943639	
S1-640142175	
S1-551324876	S3-54722751
S1-615973052	
S1-774060344	
S1-415495541	
S1-415058197	
S1-163846982	
S1-36788528	
S1-615904686	
S1-550920977	
S1-220201163	
S1-489322234	
S1-970533088	
S1-785689693	
S1-452450629	
S1-368696694	
S1-177434670	
S1-282589925	S3-502949023
S1-437248085	
S1-46128432	
S1-562778471	
S1-385569095	
S1-101483876	
S1-365775989	
S1-828976625	
S1-830003325	
S1-884548985	
S1-73693202	
S1-987846096	
S1-593183418	
S1-771141451	
S1-867835	
S1-842306378	
S1-891656354	
S1-990039623	
S1-989188437	
S1-31181007	
S1-770511985	S3-897510214
S1-393900589	
S1-156452376	
S1-436571117	
S1-127378546	
S1-147148385	
S1-945226218	
S1-695740818	
S1-598705785	
S1-556667399	S3-57314671
S1-327701677	
S1-286787136	
S1-685980917	
S1-420026725	
S1-462136542	
S1-304673391	
S1-598425089	
S1-767464683	
S1-498585808	
S1-824468891	
S1-251798114	
S1-392845117	
S1-824691696	
S1-26124893	
S1-227066318	
S1-657370456	
S1-234971131	
S1-601168750	
S1-559089643	
S1-615443046	
S1-36699851	
S1-849396504	
S1-870860580	
S1-548475522	
S1-718822166	S3-493477160
S1-549419491	S3-115387155
S1-754038625	
S1-326487787	
S1-282950474	
S1-866286371	
S1-192268808	
S1-464153779	
S1-266451960	
S1-247038483	
S1-975114337	
S1-268728590	
S1-448441663	
S1-877040482	
S1-840589662	
S1-356794261	
S1-371837765	
S1-214529268	
S1-628854079	
S1-965445131	
S1-171649741	
S1-461962944	
S1-636237524	
S1-256425913	
S1-959637065	
S1-132378395	
S1-634491021	
S1-186116992	
S1-361328524	
S1-657796278	
S1-469817870	
S1-321221279	
S1-912028603	
S1-224589187	
S1-87649240	
S1-520784422	
S1-731053602	
S1-664492357	
S1-561132129	
S1-651184396	
S1-233983431	
S1-363849735	S2-823782321
S1-398092023	
S1-237573201	
S1-228280706	
S1-996650885	
S1-516703172	
S1-987917871	
S1-933563867	
S1-998784679	
S1-230225325	S3-456309680
S1-340740939	
S1-826133328	
S1-745041245	
S1-702191107	
S1-694770058	
S1-461325236	
S1-968076878	
S1-920768150	
S1-628920831	
S1-155049786	
S1-686153022	
S1-290213643	
S1-313405742	S3-768852261
S1-371923687	
S1-803979244	
S1-670595217	
S1-309722275	S3-654656949
S1-912417560	
S1-461380226	
S1-833256346	
S1-612213856	
S1-983518515	
S1-976120674	
S1-651223345	
S1-721833088	
S1-522277638	
S1-272832051	
S1-437153400	
S1-528742399	
S1-263461850	
S1-444503358	
S1-238938283	S3-986974007
S1-417366452	
S1-428397737	
S1-599258991	
S1-727875158	
S1-66155237	
S1-506223703	
S1-45402395	
S1-583324734	
S1-629010370	
S1-862838846	
S1-411233011	
S1-583293744	
S1-36706320	
S1-346736729	
S1-825259862	
S1-896211181	
S1-263122746	
S1-340653997	
S1-406820193	
S1-220048027	
S1-481807661	
S1-214546086	
S1-930411779	
S1-264403979	
S1-23056862	
S1-507606607	
S1-818051488	
S1-326841413	
S1-500533587	
S1-764961822	
S1-947876368	
S1-733461999	
S1-8438002	
S1-603780804	
S1-220077836	
S1-110094101	
S1-683733907	
S1-508436927	
S1-140687444	
S1-575689037	
S1-486859165	
S1-624374524	
S1-215816339	
S1-423561505	
S1-818792811	
S1-809751476	
S1-535544766	
S1-470815171	
S1-570135941	
S1-887688028	
S1-65959772	
S1-40038912	
S1-188982752	
S1-460706072	
S1-204594632	
S1-451100175	
S1-583142569	
S1-624907616	
S1-148626880	
S1-331340500	
S1-141661136	
S1-746861721	
S1-968074701	
S1-171887458	
S1-907788005	
S1-66911766	
S1-214027698	
S1-71011010	
S1-420469911	
S1-869283259	
S1-406449087	
S1-971924293	
S1-37355927	
S1-732395298	
S1-366092588	
S1-369661807	
S1-188592331	
S1-873925262	
S1-163165151	
S1-776032082	
S1-139308162	
S1-437393905	
S1-137600077	
S1-724704625	S2-544409116
S1-338838851	
S1-514607885	
S1-592226482	
S1-428456408	
S1-740300944	
S1-248139850	
S1-307481871	
S1-308194831	
S1-484971306	
S1-338477256	S3-682701903
S1-787702963	
S1-573398067	
S1-154597935	
S1-61120374	
S1-837018651	
S1-199904931	
S1-398955055	
S1-15772037	
S1-424622439	
S1-16018419	
S1-332547006	
S1-222998800	
S1-525225339	
S1-27384739	
S1-72778192	
S1-664703312	
S1-663821264	
S1-883246598	
S1-465322582	
S1-894382872	
S1-580437518	
S1-943779220	
S1-182688516	
S1-368932022	
S1-376780949	
S1-41583396	
S1-396235958	
S1-612487224	
S1-268153584	
S1-730613486	
S1-577044417	
S1-384736441	
S1-862059609	
S1-697157349	
S1-256899123	
S1-715937615	S2-131167161
S1-373605702	
S1-359475745	
S1-872435746	
S1-736575057	
S1-197287621	
S1-153713340	
S1-23960399	
S1-592993009	
S1-100628916	
S1-296653076	
S1-695770424	
S1-643557542	
S1-650405561	
S1-12691728	
S1-92472302	
S1-435839001	
S1-757342844	
S1-416928905	
S1-68989516	
S1-729187497	
S1-130007439	
S1-115239265	
S1-506418219	
S1-69935430	S2-125924904
S1-539855908	
S1-178796983	
S1-455942089	
S1-117046171	
S1-728168926	
S1-195997829	
S1-608684634	
S1-351838086	
S1-156876955	
S1-199570113	
S1-635253159	
S1-198085182	
S1-105085694	
S1-489721796	
S1-116415240	
S1-290104851	
S1-760159582	
S1-247697913	S2-365767222
S1-450374199	
S1-129542673	
S1-818936192	
S1-615494278	
S1-894271733	
S1-639071903	
S1-771846836	
S1-253608476	
S1-583362071	
S1-142680512	
S1-807829318	
S1-702745686	
S1-411775279	S3-762335073
S1-559292852	
S1-335615594	
S1-783964991	
S1-690301489	S2-719017492
S1-901278351	
S1-432347056	
S1-479009208	
S1-125115720	
S1-504089155	
S1-284367364	
S1-222269421	
S1-327645345	
S1-994987125	
S1-844566739	
S1-701739533	
S1-955762393	
S1-872249606	
S1-124566201	
S1-49891608	
S1-95882130	
S1-490342728	
S1-14243505	
S1-619385960	
S1-287863648	
S1-70169203	
S1-34477052	
S1-793702942	
S1-772089757	
S1-458934585	
S1-719154663	
S1-103371552	
S1-896513072	
S1-206957884	
S1-292301545	
S1-712014189	
S1-976547987	
S1-886494048	
S1-651840681	
S1-655465089	
S1-843454634	
S1-65005332	
S1-397094862	S3-84684862
S1-688376852	
S1-818083137	
S1-922020940	
S1-24297248	
S1-181575504	
S1-675857507	
S1-12735422	
S1-335703190	
S1-841450776	
S1-198092094	
S1-695874526	
S1-993946473	
S1-593656574	
S1-74774664	
S1-251665275	
S1-749928529	
S1-567701421	
S1-709790182	
S1-805584239	
S1-641944497	
S1-260839754	
S1-912034382	
S1-80356390	
S1-946406052	
S1-385312980	
S1-936813563	
S1-862701050	
S1-51413235	
S1-689668336	
S1-900189475	
S1-108542311	
S1-985434136	
S1-833315261	
S1-394747997	S3-878277980
S1-378702811	
S1-682949978	
S1-477600728	S2-103044613
S1-954268919	
S1-661880719	
S1-486530676	
S1-803301188	
S1-566020960	
S1-990047334	
S1-261691693	
S1-832858401	
S1-733086253	
S1-116426780	
S1-273587622	
S1-858729475	
S1-676223793	
S1-618158973	
S1-872146161	
S1-130532070	
S1-468693638	
S1-474379715	
S1-541228207	
S1-488552944	
S1-450828625	
S1-660004221	
S1-489514465	
S1-618290965	
S1-5600196	
S1-186349841	
S1-39290163	
S1-531245357	
S1-168684062	
S1-975116276	
S1-754237686	
S1-21778974	
S1-458626934	
S1-516255562	
S1-124355905	
S1-202357452	
S1-103055166	
S1-821767403	
S1-232988056	
S1-282581747	
S1-853106006	
S1-197825063	
S1-401269630	
S1-892662911	
S1-924184927	
S1-279381249	
S1-186779182	
S1-642026983	
S1-461897637	
S1-338755946	
S1-365017893	S3-590738311
S1-800662510	
S1-94372682	
S1-869650726	S3-490646221
S1-842072693	
S1-202287850	
S1-576942089	
S1-140274720	
S1-594223473	
S1-935250174	
S1-296728804	
S1-553852631	
S1-784091067	
S1-205655100	
S1-12140797	S2-120811469
S1-500883200	
S1-242877578	
S1-634734447	S2-8124451
S1-312208358	
S1-629927326	
S1-773414225	
S1-470823593	
S1-505762634	
S1-622575620	
S1-322865994	
S1-210521850	
S1-401379657	
S1-961108477	
S1-7128651	
S1-501838204	
S1-625975872	
S1-234569687	
S1-416599612	
S1-205383055	
S1-864490251	
S1-715514992	
S1-666594163	
S1-163392197	
S1-511071468	
S1-932536812	
S1-999895580	
S1-116541825	
S1-852784722	
S1-680420870	
S1-992522288	
S1-187463504	
S1-28349159	
S1-462832595	
S1-152804487	
S1-623991425	
S1-163351804	
S1-688154234	
S1-631616770	
S1-629287722	
S1-989795729	
S1-441244197	
S1-192344153	
S1-373349841	
S1-489590355	
S1-693712878	
S1-397222250	
S1-381424039	
S1-661701119	
S1-713287258	S2-478518515
S1-626161608	
S1-516996388	
S1-484513078	
S1-239146922	
S1-260528434	
S1-922869004	
S1-500994990	
S1-579132728	
S1-336257918	
S1-186764551	
S1-414984705	
S1-940947808	
S1-232665170	
S1-134666980	
S1-724539277	
S1-114381630	S3-109815604
S1-403749174	
S1-255975043	
S1-748747476	
S1-499739570	
S1-110452884	
S1-95452168	
S1-972213645	
S1-915666915	
S1-351057841	
S1-801747363	
S1-773918017	
S1-712553713	
S1-686723015	
S1-685242846	
S1-498560309	
S1-854340823	
S1-448525979	
S1-816971201	
S1-426965607	
S1-688501002	
S1-259382764	
S1-94349697	
S1-406364507	
S1-87035270	S2-216945755,S3-803572218
S1-232037618	
S1-46948293	
S1-114522738	
S1-949578849	
S1-435544749	
S1-203441593	
S1-147737240	
S1-752037540	
S1-544079138	
S1-522482601	
S1-761334045	
S1-523990953	
S1-247911705	
S1-327033053	
S1-146092323	
S1-767345588	
S1-319092644	
S1-50086390	
S1-978199385	
S1-346732678	
S1-876220315	
S1-380785272	
S1-559901808	
S1-161534087	
S1-632232325	
S1-292279035	
S1-609111069	
S1-710967169	
S1-832028841	
S1-891647490	
S1-609653801	
S1-710389853	
S1-726500246	
S1-420016820	
S1-243508920	
S1-438165770	
S1-560134272	
S1-602819064	
S1-176301319	
S1-281663647	
S1-661830738	
S1-40989729	
S1-287757187	
S1-839644867	
S1-663420425	
S1-846630058	
S1-25939960	
S1-527561651	
S1-97289071	
S1-832493000	
S1-971475581	
S1-823334627	
S1-601229025	
S1-146477802	
S1-311935500	
S1-589569861	
S1-998106539	
S1-451262450	
S1-698028601	
S1-175721586	
S1-730727902	
S1-329078868	
S1-473095391	S2-482545654
S1-117056861	
S1-799374694	
S1-286934575	S3-65607804
S1-974089580	
S1-259797777	
S1-73882816	
S1-925779898	
S1-678695741	
S1-480850582	
S1-20297281	
S1-443859536	
S1-723449727	
S1-354942268	
S1-543683310	
S1-779257988	
S1-218032289	
S1-745251122	
S1-871097123	
S1-137405479	
S1-110895316	
S1-467910881	
S1-5015776	
S1-937926713	
S1-16809215	
S1-325412817	
S1-859579625	S2-199210006
S1-977316436	
S1-669243202	
S1-582499475	
S1-231375687	
S1-322713991	
S1-918061499	
S1-722203660	
S1-862305671	
S1-962203282	
S1-364764570	
S1-484203926	
S1-599126308	
S1-929625615	
S1-679254414	
S1-276311667	
S1-771682089	
S1-604139518	
S1-464038196	
S1-683791981	
S1-625607039	
S1-252245451	
S1-243466436	
S1-244535706	
S1-833180365	
S1-879546918	
S1-663210027	S2-233780482
S1-404821656	
S1-341081643	
S1-325996954	
S1-999616551	
S1-153292965	
S1-28240639	
S1-850586229	
S1-50932176	
S1-586650975	
S1-543804563	S2-18262526
S1-192981519	
S1-734112635	
S1-956865188	
S1-345268012	
S1-114375559	
S1-884146216	
S1-617335506	
S1-571916260	
S1-357705493	
S1-448687072	
S1-824545049	
S1-567075540	
S1-487148319	
S1-708942937	
S1-225920546	
S1-113924152	
S1-970852003	
S1-113870669	S2-695726780
S1-32893867	
S1-638981492	
S1-73060792	
S1-152910992	
S1-401196402	
S1-479917722	
S1-671461609	
S1-585414149	
S1-977723297	
S1-908754535	
S1-763532641	
S1-645114530	
S1-917539660	
S1-370379409	
S1-923235288	
S1-799503523	
S1-422968915	
S1-851909280	
S1-318277104	
S1-301006123	
S1-622823248	
S1-902260461	
S1-762516332	
S1-76774887	
S1-521771304	
S1-542384188	
S1-473987247	
S1-951839343	
S1-333579491	
S1-608560831	
S1-501554811	
S1-635480347	
S1-163372364	
S1-456805524	
S1-901317183	
S1-686930995	
S1-470468975	
S1-155060735	
S1-587319084	
S1-890292650	
S1-622388318	
S1-822926295	
S1-973017533	
S1-189700823	
S1-689663481	
S1-664029301	
S1-294565284	
S1-991113160	
S1-88844454	
S1-615385571	
S1-472483271	
S1-676803954	
S1-277461698	
S1-776441299	
S1-559071496	
S1-545900644	
S1-563639632	
S1-749644511	
S1-846354949	
S1-923006679	
S1-911240102	
S1-528030671	
S1-152836007	
S1-377501418	
S1-506287537	
S1-13423692	S3-305845659,S3-794324927
S1-765458676	
S1-452517773	
S1-400737181	
S1-149943652	
S1-287411116	
S1-7960866	
S1-662766748	S3-792238945
S1-845960259	
S1-923087643	
S1-588280986	
S1-234362560	
S1-676961525	
S1-267312892	
S1-809776082	
S1-220210818	
S1-141751027	
S1-140964814	
S1-517416898	
S1-223972503	
S1-685744606	
S1-107618222	
S1-300812215	
S1-43010540	
S1-841820713	
S1-649641287	
S1-708721911	
S1-72279455	
S1-977829789	
S1-243972889	
S1-441231602	
S1-924961065	
S1-806691716	
S1-506755907	
S1-232321228	
S1-628246792	
S1-576951081	
S1-966214484	
S1-211994410	
S1-559264091	
S1-657042186	
S1-148722695	
S1-226819697	
S1-704566684	S3-59143432
S1-42302202	
S1-131386281	
S1-227885107	
S1-12077218	
S1-567922464	
S1-417195776	
S1-969058794	
S1-170190328	
S1-278602571	
S1-317243962	
S1-67718508	
S1-228251643	
S1-809441196	
S1-57952258	
S1-795127967	
S1-861962840	
S1-626881811	
S1-246768701	
S1-95320963	
S1-518441478	
S1-734992502	
S1-492998911	
S1-714917488	
S1-643128224	
S1-606431772	
S1-559576430	
S1-671796180	
S1-113270143	
S1-273658042	S2-244656977
S1-777981651	
S1-461175403	
S1-395169495	
S1-617599962	
S1-34603560	
S1-238815591	
S1-857852578	
S1-405055762	
S1-478918237	
S1-52989199	
S1-33408596	
S1-519699328	
S1-755659054	
S1-967594284	
S1-365097811	
S1-865915734	S2-692706573
S1-507525949	
S1-584787417	
S1-418938718	
S1-450620006	
S1-200591040	
S1-833875261	
S1-198075890	
S1-225964234	
S1-527094624	S3-290999517
S1-850391095	
S1-232250260	
S1-916663709	
S1-819680396	
S1-525410184	S3-644595341
S1-776512928	
S1-529901491	
S1-389091257	
S1-318706738	
S1-562942173	
S1-64257349	
S1-389158534	
S1-71166962	
S1-858417842	
S1-278391110	
S1-666485776	
S1-607669103	
S1-978296861	
S1-517507126	
S1-951561933	
S1-470240408	
S1-1973323	
S1-322318841	
S1-118202222	
S1-909347706	
S1-129421152	
S1-212827602	
S1-146326736	
S1-543354459	
S1-63627916	
S1-118219324	S2-719017492
S1-63759815	
S1-940692963	
S1-455822228	
S1-864770547	
S1-136411938	
S1-159769382	
S1-250961145	
S1-581974543	
S1-790350790	
S1-712225349	
S1-686208256	
S1-989056706	
S1-138551363	
S1-670609731	
S1-594880615	
S1-136198039	
S1-806664964	
S1-885738603	
S1-313305008	
S1-404413528	S2-110610345
S1-553240604	
S1-689511454	
S1-250788394	
S1-97541084	S3-627207562
S1-618942330	
S1-377208688	S3-331047027
S1-453879892	
S1-374890912	
S1-175653400	
S1-672651095	
S1-271074557	
S1-669119046	S2-781856360
S1-970682048	
S1-121967014	
S1-289561844	
S1-777842489	
S1-854186926	
S1-413363609	
S1-952313070	
S1-11749890	S2-219420352
S1-655330498	
S1-864875432	
S1-261715989	
S1-32071981	
S1-136063648	
S1-891798060	
S1-17588364	
S1-698190	
S1-536867079	
S1-437324311	
S1-447144955	
S1-743331806	
S1-721210308	
S1-390672776	
S1-903386089	
S1-141830780	
S1-549496769	
S1-793420720	
S1-896012899	
S1-894625776	
S1-994690291	
S1-637174671	
S1-338473412	
S1-651432359	
S1-490402812	
S1-722168148	
S1-828477781	
S1-117451415	
S1-390030311	
S1-594131551	
S1-265650071	
S1-758329934	
S1-400217378	
S1-464001722	
S1-292109948	
S1-902144981	
S1-860242035	
S1-943908440	
S1-551286555	
S1-913223960	S3-28309195
S1-235450835	
S1-820160273	S3-405089167
S1-13651160	
S1-38503146	
S1-357697795	
S1-434925219	
S1-183720187	
S1-889242988	
S1-877092695	
S1-857957236	
S1-485530130	
S1-695430754	
S1-852681010	
S1-672128836	
S1-623007097	
S1-549610942	
S1-627862920	
S1-496935231	
S1-129979066	
S1-101570523	
S1-266152456	
S1-496460866	
S1-154474478	
S1-700626423	
S1-12986577	
S1-818138443	
S1-26347133	
S1-275718552	
S1-660821692	
S1-669642073	S2-462958338
S1-76408420	
S1-7747214	
S1-877526864	
S1-142668784	
S1-900070251	
S1-514447864	
S1-332291525	
S1-342249470	
S1-185333985	
S1-841579670	
S1-780328331	
S1-994732100	
S1-516970273	
S1-430812716	
S1-564265445	
S1-614229522	
S1-169474339	
S1-717033455	
S1-609208385	
S1-771834321	
S1-840441579	
S1-101558367	
S1-655795084	
S1-741289360	
S1-852888901	
S1-370207794	S3-682606839
S1-616707291	
S1-87715529	
S1-397239739	
S1-337070192	
S1-41164326	
S1-146988732	
S1-149164696	
S1-269955760	
S1-598787813	
S1-717480374	
S1-469385419	
S1-446322045	
S1-505363357	
S1-25048766	
S1-375926929	
S1-368484732	
S1-85602242	
S1-587064492	
S1-448720662	
S1-966347304	
S1-100452061	
S1-410357700	
S1-391944829	
S1-717306574	
S1-918056811	
S1-597184206	
S1-310273413	
S1-473074484	
S1-557534636	
S1-548558224	
S1-723198638	
S1-9199603	S3-775536550
S1-30059112	
S1-912735640	
S1-385369206	
S1-883630655	
S1-373677586	
S1-195254394	
S1-927227546	
S1-983274979	
S1-531892622	
S1-145234205	
S1-123470645	
S1-311911348	
S1-998248310	
S1-533205967	S2-564406135
S1-990867818	
S1-247396411	
S1-126352297	
S1-690911666	
S1-754657246	
S1-413240603	
S1-255283454	
S1-281205572	
S1-698665319	
S1-973884137	
S1-199444089	
S1-690865907	
S1-660533901	
S1-697445822	
S1-906766846	
S1-346555048	
S1-160677317	
S1-637390787	
S1-944940026	
S1-885456306	
S1-451624453	
S1-12847259	
S1-276413238	
S1-827025995	
S1-311286860	
S1-317849009	
S1-259415032	
S1-664854112	
S1-865468919	
S1-651104141	
S1-318094564	
S1-432577728	
S1-136705722	
S1-994443578	
S1-635203965	
S1-770682406	
S1-342474448	
S1-420838782	S2-582604021
S1-886799499	
S1-612330189	
S1-441163864	
S1-819379326	
S1-196965290	
S1-201942645	
S1-653956986	
S1-603022866	
S1-483926927	
S1-363534430	
S1-601537621	
S1-832117320	
S1-984626305	
S1-921148880	
S1-883990512	
S1-724123287	
S1-144791918	
S1-135374629	
S1-216751321	
S1-642207722	
S1-43257731	
S1-882679384	
S1-949972728	
S1-979670043	
S1-183843654	
S1-349773127	
S1-871988192	
S1-853316047	
S1-389568999	
S1-254020174	
S1-747550871	
S1-830617389	
S1-67918278	
S1-834948963	
S1-709243609	S3-130926799
S1-68421746	
S1-359311991	
S1-218001866	
S1-650292867	
S1-740242069	
S1-254465182	
S1-867500078	
S1-577823394	
S1-976447784	
S1-504108662	
S1-513038574	
S1-970051716	
S1-427815067	
S1-254626320	
S1-614641881	
S1-238319845	
S1-363321649	
S1-374569037	
S1-817810833	
S1-19309239	
S1-930037307	
S1-27346087	
S1-945728358	
S1-802883750	
S1-437766225	
S1-70277356	
S1-650763933	
S1-166100557	
S1-500103068	
S1-56408991	
S1-741255536	
S1-130464387	
S1-24369433	
S1-332515664	S3-795992683
S1-879885851	
S1-818909922	
S1-288217590	
S1-429667205	
S1-274881394	
S1-354186226	
S1-809407244	
S1-652576824	
S1-706211381	
S1-244703944	
S1-954480703	
S1-976148006	
S1-326549236	
S1-354871516	
S1-113262804	
S1-574050953	
S1-960745223	
S1-261915218	
S1-811142431	
S1-838561672	
S1-477391443	
S1-264156055	
S1-205260727	
S1-375114852	
S1-871392627	
S1-123845082	
S1-273067555	
S1-306070770	
S1-832357927	
S1-49624918	
S1-886273846	
S1-165608383	
S1-12982963	
S1-886025169	
S1-62412048	
S1-561423562	
S1-692901549	
S1-141204949	
S1-794974456	
S1-18252668	
S1-931008986	
S1-973957853	
S1-157772388	
S1-601819241	
S1-743699816	
S1-335564581	S2-494397255
S1-734459818	
S1-176115000	
S1-340519422	S3-790771138
S1-609844398	
S1-572379587	
S1-64400601	
S1-292030975	
S1-222953144	
S1-509682663	S2-311634655
S1-524435091	
S1-878910969	
S1-874350886	
S1-757911837	
S1-990950507	
S1-24885469	
S1-862077355	
S1-62761962	
S1-570091590	
S1-28144077	
S1-377251248	
S1-821399808	
S1-694600583	
S1-137499338	
S1-329096197	
S1-234737336	
S1-117477293	
S1-582569316	
S1-765919337	
S1-105832586	
S1-98660539	
S1-191435440	
S1-459375731	S3-274759237
S1-696419348	
S1-396930525	
S1-304777412	
S1-654537257	
S1-36488642	
S1-423396215	
S1-740677621	
S1-540688481	
S1-139004190	S3-645758958
S1-782487521	
S1-184993727	
S1-814055033	
S1-849160148	
S1-33166654	
S1-270774736	
S1-547336255	
S1-452505779	
S1-304954668	
S1-964090001	
S1-178545903	
S1-383134643	
S1-424335185	
S1-817586176	
S1-500941271	
S1-243751025	
S1-981356316	
S1-116095822	
S1-117843685	
S1-340131688	
S1-990504474	
S1-905804679	
S1-836072892	
S1-932573162	
S1-899029311	
S1-666772217	
S1-136447606	
S1-848666888	
S1-163546539	
S1-761443551	
S1-256320060	
S1-834434691	
S1-212525104	
S1-916615597	
S1-256944773	
S1-984303544	
S1-127533345	
S1-541959	
S1-541183703	
S1-386349806	
S1-337417760	
S1-327112863	
S1-403954528	
S1-260501864	
S1-464209862	
S1-223904081	
S1-977443031	
S1-381300774	
S1-146955000	
S1-864081306	
S1-82240666	
S1-848808024	
S1-893724447	
S1-883623307	
S1-581590570	
S1-449873778	
S1-249888277	
S1-495505253	
S1-776459669	
S1-913480326	
S1-46415491	
S1-635643719	
S1-524019604	S2-383383602
S1-118545924	
S1-403305333	
S1-113427752	
S1-533181422	
S1-946822881	
S1-774319730	
S1-842719370	
S1-863883596	
S1-311921923	
S1-804224852	
S1-993720383	
S1-552580001	
S1-732804851	S3-62406697
S1-939209277	
S1-941875176	
S1-192513225	
S1-307163052	
S1-915039555	
S1-626042667	
S1-800874209	
S1-848986822	S2-341368234
S1-726749067	
S1-577251951	
S1-339748138	
S1-877944012	
S1-968631409	
S1-334543925	
S1-427663419	
S1-731622962	
S1-455456573	S3-76886094
S1-831953297	
S1-39220893	
S1-772417548	
S1-58921541	
S1-409070504	
S1-915154205	
S1-239639521	
S1-652538827	
S1-946897580	
S1-566699175	
S1-457036534	
S1-455075818	
S1-397353564	
S1-289962302	
S1-629087656	
S1-586307435	
S1-827898218	
S1-359842057	
S1-692659652	
S1-785281973	
S1-449053551	
S1-384439728	
S1-957210452	
S1-702886188	
S1-734767064	
S1-495663472	
S1-763519344	
S1-688378986	
S1-256519770	
S1-947007047	S3-277970098
S1-959705185	
S1-570198165	
S1-82254048	
S1-703655626	
S1-473433935	
S1-480019173	S3-460564561
S1-148019847	
S1-220893594	
S1-783705519	
S1-200346032	
S1-329080936	
S1-959276773	
S1-902790872	
S1-353548715	
S1-14026205	
S1-218228508	
S1-231402995	
S1-654563502	
S1-886534882	
S1-66709490	
S1-129279793	
S1-194488060	
S1-566996679	
S1-371517683	
S1-645314116	
S1-298311928	
S1-842996176	
S1-202767825	
S1-882090935	
S1-324047859	
S1-653761984	
S1-879909391	
S1-987694917	
S1-615408469	
S1-719809127	
S1-768435180	
S1-298074350	
S1-47611461	
S1-259163226	
S1-1082930	
S1-873725362	
S1-551145691	
S1-927828053	
S1-875238986	
S1-617227005	
S1-54910225	
S1-162755706	
S1-955934321	
S1-466488394	
S1-373212306	S3-426213544
S1-274264286	S3-714967138
S1-589482192	
S1-773047273	
S1-327730995	
S1-249127431	
S1-37817530	
S1-486114005	
S1-163596366	
S1-46307727	
S1-288874708	
S1-580836084	
S1-7873946	
S1-800359964	
S1-194252889	
S1-233125810	
S1-83308193	S2-38498498
S1-756605482	S2-233780482
S1-390376274	
S1-878879194	
S1-65809473	
S1-836803527	
S1-374640619	
S1-588517491	
S1-853423438	
S1-871562489	
S1-905447897	
S1-68289283	
S1-714787898	
S1-880548484	S3-219867289
S1-76678633	
S1-484383596	
S1-398758954	
S1-472296043	
S1-981288271	
S1-315863434	
S1-191863932	
S1-497246575	
S1-720529529	
S1-279693436	
S1-353630490	
S1-792663814	
S1-202234770	
S1-25816254	
S1-889652408	
S1-632805789	
S1-535107361	
S1-991356704	
S1-250119052	
S1-475130401	
S1-804350118	
S1-748275852	
S1-190923311	
S1-705211977	S3-226023233
S1-508038734	
S1-645197392	
S1-576343049	
S1-668600397	
S1-457865092	
S1-845197100	
S1-111987410	
S1-898908732	
S1-520722836	
S1-376916155	
S1-248937421	
S1-240350146	
S1-332258079	
S1-964554267	
S1-498920481	
S1-91194229	
S1-880014895	
S1-432661500	
S1-906329271	
S1-356159854	
S1-756199446	S3-515527670
S1-43330268	
S1-8507944	
S1-830360384	
S1-385474109	
S1-412795610	
S1-695136388	
S1-275228128	
S1-15580919	
S1-767896131	
S1-234398935	
S1-947401831	
S1-594166807	
S1-266867501	
S1-216379265	
S1-630047341	
S1-801734786	
S1-666021934	
S1-788305484	
S1-877416303	
S1-109812703	
S1-621279859	
S1-86820187	
S1-640990740	
S1-899559806	
S1-1035153	
S1-921030099	
S1-87911267	
S1-476615616	
S1-470574943	
S1-629717029	
S1-585564969	
S1-439817898	
S1-163466693	
S1-314077933	
S1-755859354	
S1-722359946	
S1-160312835	
S1-582203868	
S1-471949359	
S1-100619121	
S1-603076192	
S1-184419434	
S1-772577037	
S1-521275315	
S1-281119141	
S1-33365603	
S1-863399486	
S1-205874035	
S1-307448377	
S1-327373318	
S1-949368129	
S1-251671353	
S1-821155629	
S1-577434528	
S1-234748128	S2-686662327
S1-882287474	
S1-600823984	
S1-234455176	
S1-528667864	
S1-241756609	
S1-466971648	
S1-784243815	
S1-609101398	
S1-251288640	
S1-305646465	
S1-739910800	
S1-734947978	
S1-768694743	
S1-864262115	
S1-471227610	
S1-509662917	
S1-409329806	
S1-860135308	
S1-44516701	
S1-813681739	
S1-58284919	
S1-980095372	
S1-701198913	
S1-19609461	
S1-209902881	
S1-659994137	
S1-574137684	
S1-403553144	
S1-890479812	
S1-255253257	
S1-444702208	
S1-520014688	
S1-839718919	
S1-990255150	
S1-470067149	
S1-435791118	
S1-794671737	
S1-905186707	
S1-445570270	
S1-436048702	
S1-1803799	
S1-319607582	
S1-420085794	S3-879221407
S1-606021606	
S1-392458520	
S1-354605078	
S1-126483738	
S1-379589759	
S1-925469008	
S1-966106195	
S1-244876808	S2-146104415
S1-359489918	
S1-317206300	
S1-388627521	
S1-679371458	
S1-924276897	
S1-452331323	
S1-578250914	
S1-921657898	
S1-578517060	
S1-438582204	
S1-395914248	
S1-822237174	
S1-213456928	
S1-527251181	
S1-962511418	
S1-461413081	
S1-549287108	
S1-571710900	
S1-633692122	
S1-651330390	
S1-916874107	
S1-990534108	
S1-672533809	
S1-982762787	
S1-57194159	
S1-877978981	
S1-576353820	
S1-399194951	
S1-532110642	
S1-906032654	
S1-682335838	
S1-756391474	
S1-622215033	
S1-847758138	
S1-555080523	
S1-843977083	
S1-461658221	
S1-116956749	
S1-808971602	
S1-540057041	
S1-530045469	S3-810752777
S1-523644259	
S1-193513599	
S1-9095348	S3-996306208
S1-715956071	
S1-194712879	
S1-959492621	
S1-903332516	
S1-180278628	S3-173149225
S1-220759282	
S1-620445625	
S1-61231315	
S1-101021255	
S1-712813256	
S1-601460019	
S1-704398085	
S1-697269604	
S1-432093661	
S1-947063512	
S1-466692182	
S1-696813289	
S1-538812226	
S1-345894595	S2-349006993
S1-711785795	
S1-289433812	
S1-305231833	
S1-77375020	
S1-851716949	
S1-322944764	
S1-73990001	
S1-910823607	
S1-217178548	
S1-879272995	
S1-787235659	
S1-298674111	
S1-215537508	
S1-662820057	
S1-953404326	
S1-210718936	
S1-533467314	
S1-968533529	
S1-54454012	
S1-41600441	
S1-169351566	
S1-372513710	
S1-267189539	
S1-998415107	
S1-666910417	
S1-256099215	
S1-149838749	
S1-308206151	
S1-932504629	
S1-559107826	S2-482749927
S1-867535191	
S1-965382177	
S1-51389731	
S1-647466604	
S1-650414424	
S1-568078392	
S1-120588755	
S1-306782506	
S1-335873243	
S1-175565889	
S1-746088958	
S1-635024005	
S1-775185260	
S1-289758353	
S1-500437699	
S1-224132975	
S1-778112437	
S1-428277638	
S1-390088108	
S1-35197193	
S1-465651224	
S1-511051649	
S1-304537712	
S1-524641910	
S1-821417086	
S1-654972377	
S1-785675583	
S1-209394492	
S1-784383251	
S1-961341436	
S1-644960244	
S1-365316344	
S1-716432717	
S1-459765827	
S1-827224645	
S1-467519977	
S1-859919754	
S1-925480922	
S1-848224348	
S1-8283790	
S1-158451301	
S1-992235683	
S1-390968579	
S1-179848858	
S1-499195382	
S1-981144975	
S1-154190591	
S1-810054885	
S1-207059610	
S1-838692990	
S1-364874037	
S1-452072243	
S1-49426075	
S1-293101935	S3-168365165
S1-260640004	
S1-683627424	
S1-815160036	
S1-736562748	
S1-167568036	S3-607504421
S1-560272318	
S1-24679577	S2-917022520
S1-132668318	
S1-427366763	
S1-38625206	
S1-913920207	
S1-300772081	S2-148407539
S1-209741194	
S1-626446281	
S1-683077271	
S1-530522646	
S1-236310483	
S1-435523887	
S1-208128219	
S1-667895957	
S1-34111512	
S1-870727286	
S1-187598072	
S1-318655236	S2-651937617
S1-208876208	
S1-672505630	
S1-162674533	
S1-755570813	
S1-543242908	
S1-982485797	
S1-380991583	
S1-591546471	
S1-322113856	
S1-996434931	
S1-292499882	
S1-939608653	
S1-634023457	
S1-279001205	
S1-506357785	S2-33509767,S2-346704877
S1-200610899	
S1-273037358	
S1-534129351	S3-304153375
S1-51617186	
S1-760309999	
S1-184406429	
S1-859944732	
S1-999954032	
S1-613767527	
S1-343049380	S2-566299349
S1-6789508	
S1-955073441	
S1-746777168	
S1-567774243	
S1-752162121	
S1-356087513	
S1-161287266	
S1-288515791	
S1-244506664	
S1-645879719	
S1-122868825	
S1-732310961	
S1-230528676	
S1-340892859	
S1-45525986	
S1-180807821	
S1-783384451	
S1-3695442	
S1-623770198	
S1-703827100	
S1-991820899	
S1-382790162	
S1-558584535	
S1-478085740	
S1-832643584	
S1-630808128	
S1-590786142	
S1-131941458	
S1-129411888	
S1-476834433	
S1-48259052	
S1-382647662	
S1-321008043	
S1-799261128	
S1-312377352	
S1-370674476	
S1-354592309	S2-121125275
S1-369027762	
S1-100936669	
S1-15778665	
S1-863899835	
S1-107562747	
S1-899318400	
S1-788729511	
S1-190340390	
S1-991229009	
S1-239105085	
S1-781131919	
S1-912674097	
S1-749829594	
S1-721242609	S3-602315809
S1-331795857	
S1-813014819	
S1-527161288	
S1-896149920	
S1-182337514	
S1-767951196	
S1-487446095	
S1-40798363	
S1-420143067	
S1-145924365	
S1-847411767	
S1-394531847	
S1-172931777	
S1-173947876	
S1-566107998	
S1-423965847	
S1-763203282	S2-514448435
S1-896447418	
S1-701525158	
S1-616101598	
S1-722896820	
S1-355500004	
S1-773047896	
S1-946162355	
S1-656536602	
S1-746531649	
S1-884563250	
S1-502972844	
S1-294369225	
S1-952469714	
S1-80866123	
S1-598992788	
S1-380597580	
S1-939809731	
S1-309191048	
S1-729811008	
S1-963914644	
S1-158651025	
S1-511334035	
S1-832197893	
S1-348489648	
S1-994916148	
S1-424345051	
S1-564512008	
S1-816451469	
S1-72026649	
S1-58193726	
S1-90631781	
S1-273629670	
S1-662527672	
S1-215456487	
S1-275643653	
S1-839531630	
S1-159425914	
S1-494476552	
S1-611830514	
S1-871791201	
S1-615338593	
S1-59499833	
S1-447285839	
S1-497601455	
S1-324631604	
S1-982740141	
S1-604794077	
S1-549038820	
S1-101300188	
S1-692805648	
S1-323692620	
S1-384640112	
S1-99368760	
S1-44189473	
S1-789000986	
S1-437210310	
S1-647874083	
S1-758371884	
S1-138680570	
S1-444034738	
S1-433373516	
S1-722702422	
S1-226897484	
S1-622327957	
S1-597555579	
S1-934939373	
S1-852645282	
S1-326645645	
S1-864204483	
S1-236792511	
S1-679568871	
S1-116390918	
S1-951311215	
S1-602012290	
S1-86894846	
S1-623509784	
S1-196288706	
S1-219220173	
S1-686639963	
S1-300078379	
S1-394517827	
S1-424423279	
S1-341585310	
S1-934898597	
S1-616290635	
S1-771068612	
S1-903236887	
S1-105051196	
S1-759441964	
S1-952536981	S3-240538480
S1-941757749	
S1-792510877	
S1-126955768	
S1-264968176	
S1-768072326	
S1-292608741	
S1-754099883	
S1-992196744	
S1-904602671	
S1-774281280	
S1-482474144	
S1-190192536	
S1-463531295	
S1-573783961	
S1-160935131	S3-207583957
S1-883955118	
S1-462758487	
S1-469295979	
S1-99388759	
S1-919848676	
S1-43183871	
S1-153159573	
S1-313615390	
S1-985701501	
S1-766389497	
S1-266878334	
S1-419220079	
S1-904227704	
S1-46852040	
S1-329789269	
S1-617690856	
S1-28996023	
S1-367320637	
S1-575710003	
S1-95869463	
S1-195574040	
S1-765830779	
S1-875814029	
S1-787305817	
S1-879696658	
S1-554685775	S3-540262210
S1-158473029	
S1-971817208	
S1-435952468	
S1-866435836	
S1-913361585	
S1-565767266	
S1-350778997	
S1-620406473	
S1-688817517	
S1-507365241	
S1-218335793	
S1-800589795	
S1-55926097	
S1-188371087	S3-673487710
S1-666396982	
S1-532531635	
S1-130260727	
S1-602288254	
S1-303101271	
S1-980360614	S2-232404898
S1-509836712	
S1-542639283	
S1-221595144	
S1-792733542	
S1-575489828	
S1-171484246	
S1-813746206	
S1-287365287	
S1-291359090	
S1-565304031	
S1-761081229	
S1-362226958	
S1-880192309	
S1-822495071	
S1-491461027	
S1-531435754	
S1-698836681	
S1-364881268	
S1-731871691	
S1-320386259	
S1-501249340	
S1-46999497	
S1-392258400	
S1-228586831	S3-731689226
S1-871649793	
S1-903401387	
S1-22340675	
S1-552761806	
S1-652091565	
S1-909395803	
S1-470327639	
S1-166650445	
S1-485199823	S3-759189135
S1-43373872	
S1-573177296	
S1-613602751	
S1-217458391	
S1-953846896	
S1-885663690	
S1-790876847	
S1-465132560	
S1-229460701	
S1-663159981	
S1-799585334	
S1-696186800	
S1-457630302	
S1-239102006	
S1-118667885	
S1-103222125	
S1-693798631	
S1-296018148	
S1-364276557	
S1-153296777	
S1-948255451	
S1-799994083	
S1-592383781	
S1-777208129	
S1-301163271	
S1-243887394	
S1-296891316	
S1-70001709	
S1-439480197	
S1-75230875	
S1-196183683	
S1-783755361	
S1-469903419	
S1-729272399	
S1-528803789	
S1-294119571	
S1-546323733	
S1-415247746	
S1-44167307	
S1-548256893	
S1-132735658	
S1-298798493	
S1-567536417	
S1-798907768	
S1-6304831	
S1-851840305	
S1-634363854	
S1-576969781	
S1-314411618	
S1-372831319	
S1-13556896	
S1-633670644	S2-76624540
S1-60120476	
S1-455082669	
S1-332396718	
S1-905032952	
S1-338341433	
S1-323853554	
S1-426270377	
S1-365122400	
S1-537961644	
S1-517032575	
S1-21447874	
S1-45690128	
S1-456773973	
S1-90418584	
S1-720466234	S3-870212278
S1-925197611	
S1-159649485	
S1-776848325	
S1-659918810	
S1-272641027	
S1-208160226	
S1-893442649	
S1-435955986	
S1-47758046	
S1-514084649	
S1-211929358	
S1-179552214	S2-629500253
S1-239236562	
S1-464252514	
S1-282779948	
S1-912447910	
S1-856888971	
S1-701722348	
S1-188842326	
S1-367138078	
S1-153746658	
S1-227565368	
S1-969361824	S3-13990891
S1-517326272	S2-791001449
S1-933736286	
S1-44925266	
S1-752534017	
S1-366783059	
S1-929362467	
S1-125007793	
S1-305363432	
S1-152937587	
S1-718792864	
S1-626469530	
S1-736490103	
S1-288307223	
S1-438548205	
S1-318825096	
S1-321728590	
S1-594308548	
S1-521012534	
S1-326567683	S2-317081404
S1-208625868	
S1-920145399	
S1-356465700	
S1-971475271	
S1-654088148	S3-84684862
S1-342061848	S2-499979958
S1-697910369	
S1-173441743	
S1-293735791	
S1-303550474	
S1-716260531	
S1-773529433	
S1-113417492	
S1-478578661	
S1-788841112	S2-159428070
S1-452173523	
S1-212058989	
S1-746153216	
S1-656844268	
S1-989543612	
S1-299700271	
S1-297067592	
S1-217786013	
S1-927399511	
S1-948769760	
S1-216125434	
S1-317559917	
S1-309663998	
S1-945259621	
S1-158690394	
S1-29541740	
S1-689243108	
S1-384232289	
S1-362856136	
S1-225560025	
S1-420439263	
S1-290942456	
S1-650443341	
S1-28323887	
S1-262069736	
S1-991076226	
S1-924175974	
S1-39238221	
S1-557389589	
S1-440414509	
S1-623982031	
S1-766916077	
S1-357052132	
S1-767100084	
S1-428991625	
S1-139766665	
S1-981261158	
S1-449151688	
S1-441884696	
S1-200244212	
S1-899990635	
S1-538085006	S3-527719179
S1-352466380	
S1-688170971	
S1-892077746	
S1-743920238	
S1-50371673	
S1-550777657	
S1-906665883	
S1-947660937	
S1-439468063	
S1-926371038	
S1-395666139	
S1-260684535	
S1-213376850	
S1-508530856	
S1-748126065	
S1-489527682	
S1-837979885	
S1-183462490	
S1-367244074	
S1-144549154	S2-887536870
S1-682728379	
S1-129732483	
S1-93044160	
S1-738456838	S2-217641460
S1-763170737	
S1-816773678	
S1-157102253	
S1-901689111	
S1-780327603	
S1-887053168	
S1-546253721	
S1-590181216	
S1-664911338	
S1-277789412	
S1-534516615	
S1-279580693	
S1-86897901	
S1-869674751	
S1-794300621	
S1-453793488	S3-271814651
S1-136582986	
S1-11219911	
S1-783265305	
S1-75318252	
S1-466364472	
S1-922901292	
S1-115228224	
S1-246509854	
S1-987959596	
S1-725348289	
S1-65417199	
S1-665264804	
S1-468917060	
S1-147603883	
S1-54965516	
S1-679075206	
S1-944210873	
S1-71523850	
S1-642654903	
S1-584627023	
S1-608917722	
S1-653306057	
S1-602146104	
S1-35944256	
S1-820308952	
S1-936847421	
S1-757716616	
S1-706856190	
S1-106340449	
S1-85310066	
S1-673509131	S2-220809152
S1-138900531	S3-713473740
S1-662913068	
S1-794418618	
S1-460767554	
S1-957039704	
S1-294801332	
S1-505073192	
S1-265324153	
S1-171628475	
S1-61007307	
S1-613068946	
S1-129452907	
S1-538789170	
S1-210544014	S2-452069178
S1-449717840	
S1-754398616	S3-103828782
S1-792759749	
S1-965180334	
S1-659768101	
S1-216485868	
S1-714297051	
S1-713078933	
S1-21371136	
S1-149685472	
S1-113149693	
S1-596399059	
S1-958969805	
S1-963284709	
S1-12710340	
S1-696452626	
S1-420619844	
S1-226005292	
S1-605631474	
S1-694736954	
S1-117621544	
S1-569661439	
S1-583691115	
S1-306991292	
S1-750840721	
S1-661902511	
S1-783015282	
S1-141952082	
S1-46980587	
S1-776317045	
S1-938744222	
S1-756177070	
S1-41920711	
S1-331052583	
S1-137550703	
S1-908891465	
S1-258784867	
S1-560703038	
S1-939269286	
S1-555069845	
S1-886399177	
S1-777173673	
S1-517188944	
S1-424065203	
S1-512364877	
S1-454462173	
S1-74189462	
S1-215082067	
S1-477955391	
S1-449874239	
S1-437257179	
S1-377847079	
S1-918119711	
S1-143280984	
S1-877101305	
S1-322641726	
S1-986946350	
S1-189840915	
S1-717376205	
S1-178460409	
S1-846432896	
S1-258666620	
S1-984170096	
S1-149903070	
S1-703681799	
S1-662855324	
S1-521560773	
S1-48243018	
S1-298974026	
S1-30422726	
S1-260761323	
S1-792328340	
S1-626992187	
S1-833100690	
S1-419290253	
S1-415518458	
S1-300162282	
S1-581231685	
S1-136932898	
S1-197217661	
S1-751886723	
S1-808602244	
S1-110567981	
S1-90796020	
S1-105128637	
S1-889173616	
S1-512011483	
S1-509646303	S3-302497484
S1-392162624	
S1-679330771	
S1-478098852	
S1-525397618	
S1-548621510	
S1-234975406	
S1-132948957	
S1-430366737	
S1-898900834	
S1-272313828	
S1-921447539	
S1-851143584	
S1-461050689	
S1-786841849	
S1-697723017	
S1-227246143	
S1-979668263	
S1-746574946	
S1-561377758	
S1-477741294	
S1-41726612	
S1-845965189	S2-138363941,S2-194533818,S2-103197046,S3-366353235,S3-50464489,S3-373175244,S2-731202532
S1-881396111	
S1-657417418	S2-672190176
S1-872609724	S3-442193040,S2-753077205,S3-315374406,S2-661063402,S2-346047231
S1-692990298	
S1-357802158	
S1-150454433	S3-703785765
S1-867280894	
S1-553377212	
S1-182087270	
S1-117869567	
S1-200821668	S2-4423867
S1-532537669	
S1-809780656	
S1-449426066	S3-151373224,S2-610797712
S1-171548044	S2-349536793
S1-239977709	
S1-966848668	
S1-371152910	S3-836773808,S3-451483576
S1-96782121	S3-773674562,S3-49006336
S1-291935000	
S1-313025096	
S1-799157291	S2-603868286,S2-174147891
S1-117979957	
S1-620960476	
S1-923202670	S3-423035389
S1-658704498	S3-944125137
S1-499525702	S3-591916295
S1-357372944	
S1-239017611	
S1-282827922	S2-471668690
S1-478303078	
S1-959816328	
S1-282921860	
S1-443544433	
S1-957721441	
S1-297031192	
S1-215802162	
S1-352458132	
S1-563450906	
S1-233845145	S3-320142361,S3-952094338
S1-236432045	
S1-951596059	S2-610797712
S1-535655744	
S1-698394064	
S1-754830439	S2-48033271,S3-785139458
S1-467161255	S3-474367574
S1-558515267	
S1-997082502	S2-978450909
S1-811700821	
S1-260248269	S3-214353701,S3-755059389,S3-116864699
S1-224564586	
S1-655482692	
S1-998899414	S2-50727279
S1-452209517	S2-400980722
S1-77846033	
S1-973350072	
S1-274317200	
S1-443249975	
S1-170941230	
S1-280683722	S2-61986301
S1-444835990	
S1-938491916	S3-939341612,S2-667143985
S1-377435146	
S1-261748457	
S1-67488361	
S1-434392448	
S1-173998336	S2-830830434
S1-730425914	S2-176010135
S1-371667587	S3-908866386,S3-531431492,S3-468629581
S1-449186934	S2-553608860
S1-469271225	S2-879885065
S1-278453379	S2-219578014
S1-896172267	
S1-884126165	S3-966975227,S3-320142361,S3-952094338
S1-619896210	
S1-39327861	
S1-949341597	S2-98963393
S1-793033967	
S1-160979068	
S1-381633507	S3-928462468
S1-76985953	S2-862588937,S2-414449441
S1-389218659	
S1-153732424	
S1-72945217	S3-537016139
S1-267775777	S3-355924089,S2-572423656
S1-681168580	S3-611673347
S1-498260784	S3-270153204
S1-384571410	
S1-187296152	
S1-535092415	
S1-381498971	S3-785139458
S1-110061469	
S1-979896614	S2-82292366
S1-172936974	
S1-215965689	S2-765553967,S3-453889160,S2-397481253,S3-367904323,S3-51452563,S2-180850876,S2-269371035
S1-628984367	
S1-688411445	S3-572170465
S1-705199492	
S1-176326554	S2-191480860,S2-106239678
S1-535520335	
S1-18987359	
S1-841710725	
S1-645170003	
S1-427450164	
S1-164799850	S3-836467676
S1-870884473	S3-300676734,S3-713611025,S3-108095748,S3-498012917
S1-6722120	S3-341079061,S2-525416982,S2-340451179
S1-877991783	
S1-748723299	S2-882661310,S3-881692346
S1-968757758	
S1-467796333	
S1-45817426	S3-686426765
S1-229118751	S2-914898042,S3-630023133
S1-479802764	
S1-262870266	
S1-394185629	S2-968228990
S1-424204682	
S1-384213268	
S1-451930845	
S1-252904454	
S1-50350364	S3-905852852
S1-957459939	S2-811271784
S1-662755677	S3-584718454
S1-849241621	
S1-211734598	
S1-273362624	S2-553608860
S1-214907757	
S1-562753017	
S1-832131358	
S1-153284935	
S1-873945357	
S1-516227672	
S1-356252969	S2-799388477
S1-203887447	
S1-621757914	
S1-128510256	
S1-531895787	S2-711687668,S2-8479407,S3-725682492,S2-697801259,S3-84851387
S1-871859799	S3-207221919
S1-589117960	
S1-644772008	S3-703785765
S1-573899249	S2-429139683
S1-936956418	
S1-410320015	
S1-499798883	S2-60011884
S1-14444396	S3-140319440,S2-244025318,S3-337233855,S2-611362124
S1-703805287	S3-225685883,S3-436530712
S1-655596066	S3-587435147,S3-723812539,S3-388219353,S2-623564360,S2-209760502,S3-27582092,S3-521288161,S3-683046688
S1-563641884	
S1-423321727	
S1-836944389	
S1-191443363	
S1-124622748	S2-162456821
S1-248274900	
S1-385672767	
S1-863092398	S3-63388160,S2-533171381
S1-511881474	S3-629136416
S1-388570368	
S1-198765020	
S1-357297844	
S1-592414921	
S1-315403636	
S1-716695979	S3-757515036
S1-583412602	
S1-300677931	S3-883125579
S1-768168762	S3-153989095
S1-661679760	
S1-987601493	S3-312181089
S1-921135132	
S1-189650985	
S1-217823476	
S1-563161191	S3-17763993
S1-418498374	S3-798038890,S2-589548937,S2-915313379,S2-233428276
S1-340505867	S2-287087052
S1-819501849	S3-558764289,S3-941940045
S1-578975098	
S1-343889289	
S1-898699584	S2-516447801
S1-323328010	S3-1212158
S1-160882650	S3-416820188
S1-183254461	S2-445589374
S1-630159171	
S1-977394815	S3-863104397,S3-140319440,S2-611362124
S1-90895438	
S1-11326477	S2-53744335,S3-337233855,S3-294707574,S3-707797908
S1-332939035	S3-941940045
S1-667725659	
S1-255133592	S2-119755224,S2-759201780
S1-290518047	S3-662789573
S1-996522164	S2-467846774
S1-117300691	
S1-113017078	
S1-444555314	
S1-587566271	
S1-252660541	
S1-213137890	
S1-359355698	S2-965275915
S1-828775155	
S1-334109448	S3-207221919,S3-703785765
S1-864685401	S3-58862493
S1-325497134	
S1-417349044	
S1-97217005	S3-115616233
S1-611298727	S2-540231
S1-888089541	S3-520304447
S1-50896618	S3-277265867,S3-159054189,S3-645326324,S2-801352867,S3-77225553
S1-328425021	S3-395574643,S2-287328235,S2-210699471,S2-137956231,S2-987241101
S1-996946368	
S1-671041176	
S1-877588061	
S1-978918002	
S1-671357829	
S1-318063013	S3-963664621
S1-797162331	
S1-593095960	
S1-214914943	
S1-827828005	S3-761498904
S1-874021495	
S1-796406315	S2-565525123
S1-944357669	S3-409334937
S1-372935653	S2-396365069,S3-18810053,S2-773769676,S2-274071698,S2-787759387,S2-577403038,S2-906304429,S2-609421292
S1-664742696	S3-312902368
S1-267898365	
S1-16095035	S3-900765805
S1-901482491	S3-887166699
S1-109624864	
S1-382536044	
S1-261045734	S3-333870895,S2-711278848,S3-275285649,S3-24123956,S2-441039759,S3-302014922,S2-574528876
S1-244016127	
S1-226028951	S2-128417467,S3-171245270
S1-961769413	
S1-494860436	S3-332064732
S1-550835631	
S1-419296118	S2-406523241
S1-836862308	
S1-533066676	S3-806125865,S2-515681626
S1-754966952	S3-555338667
S1-655339031	
S1-104777920	S2-973741601,S2-779488800,S3-349888251
S1-701487652	
S1-571381034	S2-342516411,S3-373836318,S3-21148340,S2-103113729,S2-524842790,S3-538501891,S2-544440116
S1-667662453	S3-485394212
S1-774352546	
S1-862976388	
S1-278419717	S3-601288007,S3-108095748,S3-713611025
S1-267627686	
S1-272330635	
S1-958772567	S3-24123956
S1-234334605	
S1-746650008	
S1-389639255	
S1-961390686	S2-331330140
S1-185324107	
S1-36329557	S3-126231731,S3-552559747,S3-8403614,S2-978919730
S1-284232114	S3-654878227
S1-330429015	
S1-818460301	
S1-453274166	
S1-157818959	
S1-594740337	
S1-778290949	S3-152887742,S2-610797712,S2-219578014
S1-260914000	
S1-523445260	
S1-609117210	
S1-770254866	
S1-887785075	
S1-556475808	S2-753077205
S1-268668258	
S1-415747267	S2-429479042
S1-266733354	S3-474367574
S1-357195895	
S1-325002577	
S1-471765608	
S1-491321187	
S1-93754976	
S1-52481387	
S1-177466874	
S1-312241990	S2-488568518
S1-676149352	S3-779867739,S2-432348546,S2-284302223
S1-456268088	
S1-723818993	
S1-752219817	
S1-755750574	
S1-664081336	S3-728196666,S3-888871779,S2-536543339,S2-699950540
S1-393502093	S2-981880078
S1-972129805	
S1-932182497	S2-577056087
S1-917443915	
S1-739752174	
S1-224105524	S3-872489057,S3-232012689,S2-103113729,S3-21148340,S3-373836318,S3-538501891
S1-53850389	
S1-847970049	S3-112812100
S1-34618940	S2-291115056
S1-463449486	
S1-217267036	S2-238330231
S1-486462518	
S1-365025493	
S1-706753231	S2-155377635
S1-802668333	
S1-444550114	
S1-638076331	
S1-438462057	S2-385442756
S1-324452056	
S1-971574491	S2-881705756
S1-172434761	
S1-754601253	
S1-750400116	
S1-667485308	
S1-518382128	S3-941940045
S1-769140019	
S1-632433463	S2-576417022
S1-482373045	
S1-560609491	
S1-265527584	
S1-634096427	S3-207174143
S1-568479377	S2-650285135
S1-77755902	
S1-860416824	
S1-938273984	S3-112202151,S3-796880935,S3-356975623,S3-288368447
S1-790646959	S3-712816166,S2-320049195,S3-627720718,S3-660997614,S3-906637199,S2-94775622,S2-562559718
S1-645391899	S3-728736237,S2-40212264
S1-707501859	S3-877116344
S1-890130503	S2-999705821
S1-716010339	
S1-378564438	
S1-408008767	S3-784085722
S1-692203006	S2-260925963
S1-134376821	
S1-783270629	
S1-865872199	
S1-526529721	S3-951921465
S1-18043990	
S1-377082990	
S1-823432370	
S1-714121563	
S1-558314675	
S1-870042949	
S1-217055115	
S1-954867040	
S1-898851169	
S1-592269880	
S1-160540546	S3-725682492,S2-444421486,S2-154823350,S3-981504594
S1-34662884	
S1-218059468	S3-657759723
S1-745142851	
S1-333015218	S3-596771432
S1-48312429	
S1-127352560	
S1-877282935	S3-648106502,S2-731202532,S3-373175244
S1-633362434	
S1-118252139	S3-654878227
S1-587063192	
S1-324381054	S2-412379459,S3-952094338
S1-563151127	
S1-389579856	S2-405481484,S2-565888134
S1-339541244	
S1-318290072	S3-187195322,S3-396357672,S3-823422977
S1-537012998	
S1-475890301	S2-28343771
S1-691196699	
S1-784470046	
S1-61910912	
S1-911043382	
S1-243720397	
S1-508708316	
S1-348911389	
S1-733207772	S3-286822339
S1-953169450	
S1-358067559	S2-801352867,S3-77225553,S2-141285276,S3-645326324,S3-57503234,S3-159054189,S3-277265867
S1-123576269	
S1-181161982	
S1-749174361	
S1-799123151	S2-210699471,S2-987241101,S2-137956231,S2-248996995
S1-842535951	S3-64495540,S3-140319440
S1-527684785	
S1-34355834	
S1-708915175	S2-982124369
S1-343086335	
S1-902121024	
S1-294153347	S3-835213977,S3-783800892,S2-429693859
S1-481792807	
S1-657593744	
S1-42400859	S2-242150189
S1-635777884	
S1-838774808	
S1-83346916	
S1-233659652	S3-593669102
S1-846204931	
S1-379034691	S3-198710663
S1-847618411	S2-189581657
S1-206837483	
S1-101653191	S3-919699114,S3-84851387,S3-157559765,S3-115616233
S1-229362178	
S1-817925366	S2-272163706,S2-22963740,S3-481888831,S2-666202661,S3-235469438,S3-229640665
S1-751913068	
S1-148680434	
S1-424872127	S2-774289473,S3-826956574,S2-530988740,S2-314139407,S3-646309803,S3-577094154
S1-880542142	S2-243758586
S1-23671503	
S1-492252110	
S1-248399227	S3-480596708
S1-741917632	S3-444005447
S1-535865894	
S1-858348638	
S1-532653542	
S1-824896499	
S1-352344378	S3-606756061
S1-578681255	
S1-367998677	S3-334516001
S1-906191733	
S1-698831548	
S1-491098180	
S1-277498774	S2-540054357,S3-453889160,S2-397481253,S3-766347882,S2-918879093,S3-615122740,S2-269371035
S1-366781097	S3-63388160
S1-687082899	
S1-918351056	S3-274247348
S1-504538762	
S1-818693152	S2-64450980
S1-631650354	S3-399189168,S3-637480294
S1-901705290	
S1-922127402	S2-832258597,S2-283695571
S1-59585907	
S1-316879329	
S1-456076075	S2-894705828
S1-502567078	
S1-331611312	
S1-964162966	
S1-618574345	
S1-247422203	
S1-252840437	S3-451483576,S3-44794217
S1-225505386	S3-742101690
S1-995117866	S2-209792790
S1-136646864	
S1-896276439	S3-352591014
S1-348271207	S3-320142361,S3-952094338
S1-172522017	S2-536377203,S3-611224655,S3-74511030
S1-420856013	
S1-852799410	S2-16146565
S1-673277241	S3-415441062,S2-785013786
S1-870856899	S3-140319440,S3-871542732
S1-391839897	S3-957822700
S1-75955327	S3-22290250
S1-163386450	S3-505337520
S1-88570112	S3-263378330,S2-757149481,S2-233475606,S3-59919947,S2-902346015,S2-561763787
S1-604519906	S2-274071698,S2-773769676,S2-609421292,S2-396365069,S3-525077913,S3-511675709,S2-577403038,S2-906304429
S1-696296190	
S1-433759975	S2-434891037
S1-249213686	S3-908866386
S1-897848109	
S1-237420220	
S1-316580699	
S1-538204056	S3-873217482,S3-460208036
S1-85307221	
S1-82333209	
S1-919463390	
S1-331214583	
S1-264098716	
S1-41985305	
S1-415993370	
S1-742905596	S2-962806869
S1-807772462	
S1-992335400	
S1-73231767	S2-462301048
S1-59085557	
S1-62410313	S2-225466342
S1-904332960	
S1-981907978	
S1-396421219	S3-369912067,S3-980274090,S3-151373224,S2-76923639,S2-305602831
S1-362220053	
S1-951444493	S3-785139458,S2-429139683
S1-378510732	S3-587435147
S1-231412772	S2-176010135
S1-312194596	
S1-965563278	S3-403642248,S3-246984256
S1-32795826	
S1-710626842	
S1-799805174	
S1-103910604	
S1-837999688	S3-491553499
S1-31234734	S3-203848901
S1-158351323	
S1-629159767	S3-544430342
S1-904053734	
S1-157090185	S3-613505538,S2-771847116
S1-181018686	
S1-564584829	S2-862325209
S1-34388976	
S1-511818922	
S1-724792173	S3-430914676,S2-984785657
S1-255581384	
S1-79781258	
S1-306358726	
S1-357628037	S2-962806869,S2-894311479,S3-756495107
S1-955422683	
S1-361288708	
S1-110801274	
S1-315482658	
S1-739172475	S2-799388477
S1-916133170	
S1-870008449	S3-403642248
S1-963921022	S2-906376293
S1-20001323	S2-271253661,S2-643551202
S1-843710231	S2-577493677
S1-514498112	
S1-563897803	S2-711687668,S2-8479407,S3-725682492,S2-697801259,S3-98548793,S3-84851387,S2-451743341
S1-562155656	
S1-665380070	
S1-899791655	
S1-213832378	S2-60011884
S1-609112195	
S1-255847250	
S1-519709323	S2-326418288,S3-127660274,S3-851684969
S1-897073452	S3-771260330
S1-441906304	
S1-46050733	
S1-141733357	
S1-157780524	
S1-360756288	
S1-410179955	S2-540231
S1-414511457	S3-570699958
S1-40333703	S3-952094338
S1-554379182	S3-44919086
S1-612006147	
S1-937139774	
S1-297457747	
S1-29334897	
S1-464532005	
S1-459520722	
S1-103871199	
S1-429097352	
S1-535609526	S2-434891037
S1-51249338	S3-883125579
S1-639017095	S2-639817104
S1-283320234	
S1-984257919	
S1-801525280	
S1-225232872	S2-124218141,S3-67055886,S3-852756331
S1-819615832	S2-207124521,S2-584652085
S1-995632831	S3-856976727,S2-401765066,S2-210699471,S3-567905568,S2-248996995,S2-137956231
S1-680102275	S3-184431423
S1-740359900	S3-185678156
S1-21798251	
S1-808358385	
S1-932818559	
S1-159728700	S3-207221919
S1-697537894	S3-856976727,S2-401765066,S2-210699471,S3-567905568,S2-248996995,S2-137956231
S1-88017471	S2-885657305
S1-537621927	
S1-298637626	
S1-142218980	
S1-396407651	
S1-222697541	
S1-263167182	
S1-747427084	S3-850614636
S1-516485541	
S1-896477697	S3-169734638
S1-850671722	
S1-222314218	
S1-658211067	S3-278900835,S2-149861731
S1-167414981	S2-801352867,S3-77225553,S2-1603748,S2-141285276,S3-645326324,S3-57503234,S3-159054189,S3-277265867
S1-598814205	S2-962806869
S1-706396963	
S1-292767565	S3-423035389
S1-759014236	S2-265431480
S1-426903489	S2-553608860,S2-173650179
S1-712962161	S3-491553499,S3-474367574
S1-627098365	S2-659556821
S1-996875682	S2-165014506,S3-900112943,S3-852754013,S3-138573668,S3-626582924,S2-543915537
S1-917937511	
S1-218673914	S3-320142361,S3-952094338
S1-447272327	
S1-654859502	
S1-163758639	
S1-412197667	
S1-300918693	
S1-127122874	S2-411645219
S1-962440286	
S1-779420238	S2-837887928,S3-395574643,S2-287328235,S2-210699471,S3-15826320
S1-331152513	
S1-475678781	
S1-133620001	
S1-374838609	
S1-131840343	
S1-608129607	
S1-932219650	S3-72215065
S1-249545345	
S1-782700292	
S1-977809961	
S1-312400087	S2-64450980
S1-156915655	
S1-272846462	
S1-683049543	S2-945343613
S1-727097496	S3-347503916
S1-736174197	
S1-792789653	
S1-169826647	
S1-855298634	S3-515071283
S1-311582657	S2-904345808
S1-917933052	S3-521501496
S1-50867181	
S1-53573829	
S1-433387195	S2-412379459
S1-619247656	S3-561029123,S3-645121184
S1-703782909	S3-124170586
S1-67496585	
S1-545632268	S2-524013035,S3-579987671,S2-547549193,S2-291115056
S1-105151404	
S1-456211360	
S1-713023517	
S1-257045906	
S1-817588026	
S1-522472846	S3-216560587
S1-822330272	S2-412379459,S3-952094338
S1-567461486	
S1-54506010	S3-641036202,S2-41719514
S1-459449646	S3-579987671
S1-780183171	
S1-432768626	
S1-6024941	S3-321994615
S1-197489767	
S1-993643239	
S1-912727668	S3-283606825
S1-286550984	
S1-688716354	S3-529282966,S2-846755681
S1-551387213	
S1-460848627	
S1-730777999	S3-49637018
S1-760043810	
S1-401155049	
S1-620153303	
S1-630787635	
S1-487919100	S2-779488800,S3-535220185,S3-494472763
S1-137072695	
S1-602700226	
S1-200427346	S2-811271784,S2-667143985
S1-821340709	
S1-573085224	
S1-189245472	
S1-390499579	
S1-45171629	S3-714357744
S1-533379912	
S1-483058078	S3-202618960,S2-732751469
S1-300054517	S3-824685926
S1-343114531	
S1-449866281	
S1-665827048	S3-86017296
S1-109799771	S3-480596708
S1-60193071	S3-558764289
S1-121690904	S3-952094338,S3-320142361
S1-333961260	
S1-752688362	
S1-829335747	S2-83448973
S1-626856130	S2-488568518
S1-374570303	
S1-104560520	S2-170137084
S1-86273964	S3-896128870
S1-349317438	S3-44500149,S3-51452563
S1-951512493	
S1-465403980	
S1-800954494	S2-779488800,S3-138780069,S3-349888251
S1-667642860	
S1-402129124	
S1-66930789	
S1-539907322	S2-434891037
S1-122921093	
S1-612400040	S3-138573668
S1-674021493	
S1-679927533	S3-143041333
S1-296008598	
S1-582775240	
S1-314205513	S3-806125865,S2-515681626,S3-520304447
S1-530450470	
S1-935249798	
S1-745921723	
S1-985666830	S3-24123956
S1-910721	
S1-914886006	
S1-764727666	
S1-78591197	S3-957822700,S3-626582924
S1-488031542	
S1-749066035	S3-886391942,S3-192931121,S3-962319353
S1-653193596	
S1-167942307	
S1-834146585	S3-162234369
S1-859902486	S3-24123956
S1-619016971	S3-126353692
S1-477888492	
S1-370197481	
S1-952403409	
S1-314051237	
S1-775370306	S2-396392189,S3-229640665,S3-235469438,S2-666202661,S3-481888831
S1-293204630	
S1-353592125	
S1-453160332	
S1-26599816	S2-342516411,S3-21148340,S3-373836318,S3-538501891,S2-524842790,S2-544440116
S1-640257636	
S1-757899465	S3-93735220
S1-640871670	S2-374729839,S2-771847116,S2-70182814,S2-610797712,S3-858132790,S3-151373224
S1-850335899	
S1-52767453	S3-212694021
S1-684777008	
S1-289420325	
S1-403034782	S3-938676820,S3-930790798,S2-381980908,S3-648331503,S2-430867709
S1-379684659	S3-878574640
S1-987975961	S3-84851387,S2-840584024,S3-115616233
S1-203936851	
S1-957512133	
S1-610458421	S2-103197046,S3-366353235,S2-194533818,S2-138363941,S2-731202532,S3-373175244,S3-50464489
S1-730494155	
S1-28555695	S3-640692083,S3-992964225,S2-433762181,S2-314363597,S3-494472763
S1-457666587	S2-723342147,S2-547491995,S3-22290250,S3-580961280
S1-919234374	
S1-360633584	
S1-820683293	S3-850847840,S3-227367047,S2-576953961,S2-681967670,S2-746639829,S3-299360675,S3-549218042
S1-537437874	S2-61986301
S1-594029250	S2-984785657
S1-261653118	S2-942227551
S1-561277496	
S1-350128036	S2-851716239
S1-155521042	S3-823422977,S2-700787892,S3-601044569,S2-75605698,S2-856031019,S2-809505154,S3-887545375,S3-629296639
S1-66073692	
S1-897572902	
S1-671617271	
S1-739931900	S3-129821522,S3-511943640,S2-557950072
S1-776881472	
S1-291851010	S3-725682492,S2-697801259,S2-154823350
S1-467832797	
S1-201210211	S2-258388596
S1-474202056	
S1-680737300	S2-412379459,S3-320142361,S3-952094338
S1-307778656	
S1-153271980	
S1-631011407	S2-764820724
S1-186077583	S2-164039737
S1-488415157	S2-261631372
S1-360902260	S3-828651893
S1-234749378	S3-754992486,S3-824685926
S1-321249138	
S1-385289294	
S1-185871082	
S1-743473668	
S1-100789563	
S1-750925458	S2-524186191
S1-467861079	
S1-313051123	
S1-629514865	
S1-681215259	S2-416975672
S1-24834520	S3-440947995
S1-679366429	
S1-988851948	
S1-316396536	
S1-486661055	S2-178279753,S3-229640665,S3-235469438,S2-666202661
S1-187229855	
S1-289329359	
S1-544824282	S3-669020885,S3-589921963
S1-840860941	S2-525416982
S1-963442416	
S1-937098382	S3-409334937
S1-857796510	
S1-378846449	
S1-690209725	S2-487309955,S3-549218042,S3-299360675
S1-642591635	
S1-957785334	
S1-753494849	S3-510665662
S1-655777139	S3-379025027,S2-878119298,S2-971647922,S2-666202661,S3-545684665,S2-272163706,S2-758629524
S1-374451261	S3-703785765
S1-739195475	
S1-958922068	
S1-106862578	S2-753077205
S1-596363370	
S1-579419829	
S1-827588784	
S1-447332394	
S1-602533702	
S1-443108260	S3-188723570
S1-180460087	S2-681967670,S2-657768953,S3-299360675,S3-549218042
S1-466866818	
S1-754674123	
S1-312564256	
S1-213562434	
S1-347817022	
S1-611573355	
S1-477233307	S2-444421486
S1-368441449	
S1-679967195	
S1-530417252	
S1-620990587	S3-303720251,S3-115616233,S2-859090048
S1-581938986	
S1-332657110	
S1-113395773	
S1-234333947	
S1-872769332	S3-169174033
S1-50839861	S3-886391942,S3-272014700,S2-114657831
S1-638053109	
S1-223487290	
S1-340175703	
S1-258500827	
S1-708535857	
S1-393512003	
S1-606668207	
S1-130941606	
S1-685002764	S2-248772119
S1-296882456	
S1-896839823	
S1-415061340	S3-85992553
S1-499637669	S3-578669679,S2-503362205,S3-272113777,S2-125490396
S1-795480228	S3-494206461
S1-745899198	
S1-639515791	
S1-236599784	
S1-554692245	S2-525416982,S2-180850876
S1-357352300	S3-658675496,S2-406523241,S3-989057266,S2-425843925,S3-591485608
S1-570531494	
S1-67101545	
S1-72040595	S3-823422977,S2-700787892,S3-601044569,S2-75605698,S2-856031019,S2-809505154,S3-887545375,S3-629296639
S1-381981592	
S1-604273800	
S1-171494965	
S1-924128621	
S1-159475375	
S1-891167400	S3-318029598,S3-741506029,S2-671860006,S2-398502981,S2-525416982,S2-340451179
S1-313614426	S3-532117765,S3-797351647
S1-784207095	S2-106003589,S2-62417831
S1-294150214	S3-577560033
S1-170898110	
S1-505702681	S3-224601457,S3-682579571
S1-629078710	
S1-298426136	
S1-574146042	S3-308035461
S1-972699021	S2-576417022
S1-270765198	
S1-454247597	
S1-59217547	S3-158679839
S1-307762061	
S1-143972329	
S1-201307561	
S1-820740749	
S1-671456596	S3-188775734
S1-28136350	
S1-706491692	
S1-334391230	
S1-311819917	
S1-638497259	
S1-975433463	S2-832204203,S2-144028306
S1-502770514	S3-275285649,S3-24123956,S2-441039759,S3-302014922,S3-30706852
S1-195452155	
S1-266577706	
S1-568144798	S3-975389096
S1-143929546	S2-982124369
S1-30705904	
S1-779114530	
S1-60220086	
S1-398302648	
S1-787664231	S2-430867709
S1-339362479	
S1-622136421	
S1-294309713	
S1-955331852	
S1-366918971	
S1-947560000	
S1-583131711	
S1-368244637	
S1-603848012	S2-39947184,S3-46029176,S2-504256804,S3-577094154,S2-530988740,S3-826956574,S2-314139407,S2-774289473
S1-413228930	
S1-877735243	
S1-313029557	S3-188775734
S1-495305748	
S1-426576647	S2-567034305
S1-158591095	
S1-314784945	
S1-2963126	
S1-763375585	S3-27582092,S2-209760502
S1-388338178	
S1-934899797	S3-423072791
S1-823867747	S3-682579571
S1-171935531	S3-22290250,S3-580961280,S3-267042959,S2-290365181,S3-743825434,S3-970386562
S1-88174335	
S1-524180386	
S1-875922040	S3-611173929,S2-638364406
S1-720586559	S3-934791608,S3-331720772
S1-806204910	
S1-642466768	S2-913409031
S1-458956597	
S1-165537806	
S1-209256650	
S1-642271191	
S1-621626314	S3-973730508
S1-960918685	S2-577071685,S3-326986911,S2-442419830
S1-172974075	S2-542505078,S3-115252757
S1-69455800	
S1-899202164	S3-484216030,S2-192341577
S1-59472592	
S1-239213999	
S1-729778511	
S1-775040109	S3-824977899
S1-591950837	
S1-608057166	
S1-944323423	S3-95353117
S1-592571753	S3-992285365,S3-151373224,S2-17689221,S2-771847116,S3-613505538
S1-604138361	
S1-455668771	
S1-562022133	S2-576827944
S1-203815734	
S1-805428834	S3-458257515,S2-274071698,S2-773769676,S2-396365069,S2-609421292,S3-511675709,S2-577403038,S2-493404621
S1-634404087	S3-725682492,S2-697801259,S2-711687668,S2-8479407,S3-281864218,S2-444421486,S2-154823350
S1-719253844	S2-366753546
S1-989379960	
S1-485334197	
S1-401555150	
S1-941872113	
S1-634786202	
S1-803673718	
S1-496828912	
S1-908999789	
S1-234043620	
S1-768122637	
S1-229691267	
S1-186089269	S3-973730508
S1-957750888	S2-401534820,S3-823427719
S1-834918033	
S1-696645079	
S1-423674452	S3-19142765,S2-396392189,S3-235469438,S2-392271765
S1-889399051	S3-127639733
S1-173806806	
S1-352645103	S3-970386562,S2-34405280,S3-644913828,S2-642182899
S1-941701007	S2-951161224,S3-572170465,S3-407477589
S1-817765320	
S1-862401880	S3-514856302,S2-119853488
S1-735012267	
S1-431072995	
S1-189890942	S3-442193040,S2-753077205,S3-315374406,S2-346047231
S1-605897973	
S1-153043108	
S1-628631675	
S1-472063186	S3-190978691
S1-381826793	S3-626582924,S2-414636470
S1-51117551	
S1-266363120	
S1-31710663	
S1-932946854	
S1-101536029	S3-72215065
S1-370310692	S3-126231731,S3-552559747,S3-8403614,S3-835302291
S1-916507276	
S1-65001089	S3-251497579
S1-126518623	S3-166999036,S2-922008018
S1-107080590	
S1-752425568	
S1-812886163	S3-712816166,S3-627720718,S3-660997614,S3-906637199,S2-94775622,S2-562559718
S1-490692159	
S1-100668507	S2-359559494
S1-767382790	S2-523991298
S1-812963223	S2-316938910,S2-28374053,S2-508523279
S1-706427579	
S1-647697862	
S1-644732563	
S1-252044136	S3-438823849
S1-701680148	
S1-303923552	S3-164615401
S1-832167762	
S1-780611128	
S1-579285496	S2-173650179
S1-826150712	
S1-871241716	
S1-421866654	S3-893341819
S1-966725058	
S1-80302676	S2-642182899,S3-83242920,S2-770052793,S3-580961280
S1-737693962	
S1-817141540	
S1-249458810	
S1-853113945	S3-151373224,S2-305602831,S2-17689221,S2-784679202
S1-340986650	S2-728210135
S1-918462014	
S1-813996226	
S1-888996491	S2-337190886,S3-397874393
S1-535330273	
S1-149509062	S2-475629927
S1-526558221	
S1-783827726	S3-495145784
S1-522529725	S3-152887742,S2-610797712,S2-219578014
S1-892236068	
S1-662133248	S3-856917884,S2-883080525
S1-280205089	
S1-664620666	S3-457727670
S1-489551485	
S1-598644582	S3-495145784,S2-622617585
S1-567809853	S2-965460716,S3-275285649
S1-136168382	
S1-770329064	
S1-29560788	S3-115616233
S1-288926805	S2-80694734
S1-693135469	S3-450138192
S1-29208227	
S1-139987847	S2-181959745
S1-780881186	S3-416165728
S1-110676982	
S1-782930718	S3-443104779
S1-515141770	
S1-687304290	
S1-625836190	S3-391709579
S1-439263789	
S1-809803357	S3-484230823,S3-535220185,S3-494472763
S1-441148435	
S1-318356392	
S1-868832478	S2-366753546
S1-37255879	S3-112202151,S3-295277426,S3-796880935,S3-356975623,S3-288368447,S3-682579571
S1-977019629	
S1-460745656	S2-717503352
S1-598345355	S3-19142765,S2-802540263,S3-229640665,S3-235469438,S2-392271765,S2-971647922
S1-972072409	S3-640692083,S3-992964225,S3-494472763,S2-314363597
S1-586793019	S3-941940045
S1-376702798	
S1-97215562	
S1-771058774	
S1-769991964	S3-934860786
S1-136207056	
S1-345369296	
S1-295829850	S2-857829989
S1-863169617	S3-154943341
S1-454317128	
S1-950723148	S3-701177644
S1-778659283	S2-130896600,S2-316938910
S1-796524529	
S1-73822816	
S1-353541975	S3-779858315
S1-848665785	S2-167647619
S1-477043768	
S1-325429042	
S1-781441380	S2-119098434,S2-542703095
S1-186770218	S3-868082732
S1-53353934	S2-832258597
S1-250833847	
S1-340817833	
S1-439590608	
S1-690666559	S3-484216030
S1-530433550	
S1-585431020	S2-789209650
S1-159488260	
S1-59052459	
S1-414846445	
S1-55816807	
S1-313453954	
S1-310362285	
S1-501353931	
S1-475590281	S2-139599692,S3-403642248,S2-375688179
S1-88518843	
S1-81409782	S2-525416982,S2-918879093,S3-453889160,S3-766347882,S2-269371035
S1-480943198	S3-819385239,S2-675392251
S1-903897979	S2-121469856,S2-179593071,S3-429769672,S3-660997614,S3-627720718,S2-94775622,S3-1876818,S2-562559718,S3-906637199
S1-984596319	
S1-501210363	S2-80721934,S2-622981300,S2-441217844
S1-334266376	S3-823427719
S1-556570628	S3-999894321
S1-487501509	
S1-476113790	S3-884496180
S1-236705684	
S1-45075199	S3-49006336
S1-444533462	
S1-445302851	S3-253380491
S1-121814935	
S1-948856508	
S1-865099394	S2-393359991
S1-477178390	
S1-222329137	
S1-78899271	
S1-598672407	
S1-452260023	
S1-293689893	
S1-775503513	
S1-622100249	
S1-769870843	
S1-588090371	S3-545098906,S3-479385836,S3-973730508
S1-688398041	
S1-16105597	
S1-219686311	
S1-995435239	S3-952094338,S3-320142361
S1-936248389	S3-549218042,S3-299360675,S2-754997895
S1-563582977	S2-862325209
S1-70732824	
S1-102424061	
S1-486516598	
S1-277416236	
S1-174032089	S3-95353117,S3-897132868
S1-769047599	
S1-345797404	S2-285688053,S2-55435524
S1-474199872	
S1-615172068	
S1-898825962	S3-272014700,S3-780331917,S2-919414009,S3-886391942,S2-551364433
S1-45494845	S3-824977899
S1-634731885	S3-773751103,S3-703974135
S1-406019663	S2-576464972,S3-112787624
S1-828852557	S2-207124521
S1-754595145	S2-945375978,S2-432014199,S2-89395850,S2-272163706
S1-319824003	S3-49006336
S1-445516779	
S1-552154657	
S1-620369960	
S1-934577817	
S1-501287720	S3-807491963
S1-656520455	
S1-492494206	S3-66325059
S1-723786275	
S1-474267599	
S1-304698390	S2-392271765,S3-805480616,S3-505519829,S3-235469438,S3-229640665
S1-829614439	S2-50893103,S2-962806869,S3-756495107
S1-730327103	
S1-923465025	
S1-167440013	
S1-939028395	
S1-604798231	S3-728833216,S3-826956574,S2-314139407,S2-530988740,S3-46029176,S3-577094154
S1-653415352	S3-202618960,S2-225466342,S2-525006698
S1-517463026	S3-491553499
S1-335609185	
S1-505950534	S3-612016501
S1-90765039	
S1-717775173	
S1-235372062	S3-22290250,S3-580961280,S3-267042959,S3-743825434,S3-970386562
S1-932920363	S2-607869602,S2-844062700,S2-915313379,S2-375108102,S2-233428276
S1-929459564	S3-872752036,S2-116516180,S3-602857424,S3-8403614
S1-806246184	S3-973730508
S1-154150422	
S1-382895690	
S1-84666134	S2-199897125
S1-429600319	
S1-624761792	
S1-553179994	S2-287001836,S2-472694331,S3-349926054
S1-698081937	
S1-795949938	S2-410268070,S2-790977858
S1-674057238	
S1-900381564	
S1-703940641	
S1-507829463	
S1-915527147	
S1-362728976	
S1-671755366	
S1-976527278	
S1-553444738	
S1-868737410	S2-98591944
S1-469281114	
S1-835238829	
S1-89835894	
S1-558523542	
S1-115103865	S3-522764259
S1-795345933	
S1-703069680	S2-412379459
S1-265329494	S2-562559718,S3-660997614,S3-627720718,S2-94775622,S3-906637199,S3-429769672,S2-179593071,S2-121469856
S1-504807209	S3-521901945
S1-313275885	
S1-318246881	S2-91125602
S1-868918171	S2-304221045,S3-793900485
S1-606834522	
S1-285131752	
S1-217569742	S3-493071103
S1-843061645	
S1-605075145	
S1-846194151	
S1-420510562	S2-770562657
S1-217853467	
S1-590514376	S3-13501810
S1-647035897	
S1-396050989	
S1-530144464	
S1-237364964	
S1-382916078	
S1-199331432	
S1-271549174	S2-656779299,S3-133536668,S3-192931121,S3-780331917,S3-962319353,S2-919414009
S1-992902559	
S1-839746447	
S1-119217117	
S1-70776363	
S1-584543121	
S1-77045698	
S1-141029877	
S1-545203734	S3-498012917,S3-713611025,S3-108095748
S1-435434122	
S1-680483216	S2-654890124
S1-331808863	S2-610797712,S2-17689221,S2-219578014
S1-121165044	S3-263019760
S1-492876524	
S1-638346852	
S1-739010284	
S1-237468487	
S1-530689868	S3-470535775
S1-526839419	S3-153989095
S1-951745053	
S1-413440614	
S1-234719219	
S1-195572710	S3-207174143
S1-123826827	S3-320142361,S3-72215065,S3-952094338
S1-187073769	S2-116306475
S1-46938081	
S1-457425254	S2-803452371
S1-186508712	S2-157274209
S1-799460982	
S1-903030661	S2-349958244,S2-263417529,S3-626199188,S2-374729839,S3-613505538
S1-181890038	
S1-290384327	S3-582692204
S1-583113337	
S1-978866719	
S1-635560984	S3-558764289,S3-941940045
S1-468615477	
S1-637602911	
S1-736800651	
S1-198262095	
S1-348006241	S3-275579769
S1-287217649	
S1-841665230	S2-153326564
S1-922531034	S3-436530712
S1-844655582	
S1-857318212	
S1-804338	
S1-920937694	
S1-349859297	
S1-690539140	
S1-600230438	S3-342175789
S1-168086950	
S1-882977613	
S1-932999727	S3-154943341,S3-578669679,S2-503362205
S1-851794795	S2-53744335,S3-337233855,S3-294707574,S3-707797908,S2-244025318
S1-613886694	S2-409803830,S3-115616233
S1-527480126	S3-973730508
S1-547174919	S3-350019049
S1-71139860	
S1-133797439	S2-137956231,S2-987241101,S2-735422761
S1-216330575	
S1-109099447	S3-728196666,S3-888871779,S2-536543339
S1-490463983	
S1-634012212	
S1-4064841	
S1-886551038	
S1-978983443	
S1-87972955	S3-580961280,S3-22290250
S1-847697484	
S1-206295588	
S1-131755058	
S1-901494399	
S1-455856191	
S1-92391731	
S1-667238071	
S1-168289996	
S1-16590476	
S1-790579605	
S1-648336701	
S1-957441136	
S1-99189531	S2-394909117,S2-586371236
S1-944354563	S2-154127386,S3-74511030
S1-484699318	S3-883125579
S1-617283845	
S1-519639969	
S1-25818412	
S1-988243081	S3-756580876,S3-998118018,S3-540738173,S2-210699471,S3-232012689,S3-567905568
S1-871710387	S3-674847018
S1-74885418	
S1-362807844	S2-467846774
S1-993069237	S2-980264212,S2-933270977,S2-817543033
S1-646777094	
S1-430044027	S3-906637199,S3-627720718,S3-660997614,S2-94775622,S2-562559718,S3-712816166
S1-762574569	
S1-347134620	
S1-630869108	S2-668955182,S3-202618960,S2-732751469
S1-7099078	
S1-722949063	
S1-270714415	
S1-818089500	S2-701357390
S1-521955504	S3-769210033
S1-557085874	S3-909900633,S3-157559765,S3-981504594,S2-154823350,S3-725682492,S2-697801259,S2-444421486
S1-152790124	
S1-634781139	
S1-91534032	S3-153989095
S1-851137335	
S1-284615994	
S1-925334379	S3-24123956
S1-169828529	S2-287328235,S3-15826320
S1-930879226	
S1-241274536	S2-941782778
S1-620087587	S3-201462783
S1-217930918	
S1-370786949	S3-148850456
S1-982427202	
S1-266081010	S3-785139458
S1-702045570	
S1-159638211	
S1-573491006	S2-573769059
S1-794782675	
S1-336672200	S3-223424868
S1-583425650	
S1-707526540	
S1-827744217	S3-92279052
S1-150951707	S3-785139458
S1-341909589	
S1-576271769	
S1-742139319	
S1-723432389	
S1-515166547	S3-798943815
S1-867073591	S2-207124521
S1-571136783	
S1-449757657	S2-229393702
S1-183815671	
S1-384490719	S3-95353117
S1-151148741	S2-472694331,S3-349926054
S1-859814576	
S1-692220876	S3-630023133
S1-573483955	S2-383605288,S3-679003070,S2-340451179
S1-535235403	
S1-505701627	S3-403642248
S1-137518617	S2-942612856
S1-640437234	
S1-993541830	
S1-79883063	
S1-465772277	
S1-842100754	S3-572344215,S2-717208699
S1-677883806	
S1-105338735	
S1-156236347	
S1-12909434	
S1-242397952	S3-52974698
S1-693101098	
S1-220597978	S2-381980908
S1-946120099	
S1-552788753	
S1-412072171	S3-780331917
S1-102336560	S2-866083067
S1-15026456	
S1-701426017	
S1-896383247	S3-977074861
S1-745169438	S3-531431492,S3-468629581
S1-443895552	S2-764218604
S1-815787467	S3-194964308,S3-158679839
S1-301163758	
S1-375195090	
S1-179063420	S2-421906799
S1-860233784	S3-511943640,S3-129821522,S2-557950072
S1-636798565	
S1-902652085	S3-320142361,S3-952094338
S1-498926845	
S1-343919979	
S1-814112770	
S1-39278705	
S1-189092144	
S1-104459231	S3-436530712
S1-683300752	S2-144028306
S1-564651595	S3-115616233
S1-812152954	
S1-421794976	S2-441039759,S3-275285649,S2-711278848,S3-30706852,S3-233408307,S3-302014922,S3-912092740,S3-333870895
S1-561262543	
S1-531557768	S2-64450980
S1-984646543	
S1-518627163	S3-362763063
S1-148535828	S3-416820188,S3-839616256
S1-750206853	
S1-97271605	
S1-569485198	S2-915313379,S3-658830437,S2-681967670,S2-657768953,S3-299360675
S1-687472277	
S1-477372535	S3-302821772
S1-37538250	S3-783800892
S1-410167553	
S1-79590561	S3-202618960,S3-139794227
S1-211841757	S2-130896600,S2-316938910,S2-508523279
S1-121769683	S2-98617728,S2-660257274
S1-185538467	S2-475620551
S1-508663076	
S1-751284088	S3-416165728,S2-690496985
S1-96008116	S3-403642248,S2-408652444,S2-397693026
S1-73139561	S3-531431492
S1-256692788	S3-24123956
S1-572655743	
S1-821699503	
S1-569797660	S3-912152440
S1-920228529	S3-430914676
S1-620982314	S2-389520455,S3-851684969,S3-127660274,S2-525416982,S2-340451179
S1-400199733	S2-132023580,S3-335267836,S2-99548318,S2-918879093,S3-876668148
S1-578014687	S3-221466138
S1-229812704	
S1-691791185	S3-221466138
S1-677717830	
S1-709978771	
S1-903056618	
S1-698663066	S3-520304447
S1-670582156	S2-233750539
S1-164257265	
S1-655617278	
S1-174711292	S3-679003070,S2-525416982,S2-340451179
S1-808788895	
S1-98942254	
S1-765731950	
S1-440561054	
S1-558745092	S3-888871779
S1-423725295	S2-412379459,S3-952094338
S1-335201340	S2-82292366,S2-244025318,S3-140319440,S3-337233855,S2-611362124
S1-236990861	
S1-602333634	S2-714290009,S2-644420471
S1-251949242	
S1-235168732	S2-271253661,S3-95353117,S3-286860078
S1-830887796	
S1-317585057	
S1-509509815	S3-806125865,S2-515681626,S3-520304447
S1-502306336	S3-140319440,S3-337233855
S1-412205053	
S1-394139403	S2-412379459,S3-952094338,S3-320142361
S1-98230447	S3-834800188
S1-997444944	S3-493071103
S1-42520761	S2-121469856,S2-179593071,S3-429769672,S3-660997614,S3-627720718,S2-94775622,S2-562559718,S3-906637199
S1-32513526	
S1-23426022	
S1-143789652	S2-536543339,S3-713611025,S2-417106715,S3-728196666
S1-98988891	S2-270149362
S1-439081672	S3-970386562,S2-680105057,S2-34405280
S1-516359983	
S1-53082908	S2-938801268
S1-23070387	
S1-748827715	
S1-375168742	
S1-329890752	
S1-841211299	S2-992096794,S2-178279753
S1-817529769	
S1-251130666	
S1-391274160	
S1-759778255	S2-610797712,S2-70182814,S2-771847116,S2-374729839,S3-858132790,S2-17689221,S2-219578014
S1-726875085	
S1-247789644	
S1-220915924	S3-552559747,S3-8403614
S1-531543575	S2-541510616
S1-915934636	
S1-47970904	S3-187195322,S3-396357672,S3-159054189
S1-296316773	
S1-194273593	
S1-177346209	
S1-872432170	S3-785139458,S2-429139683
S1-438454801	S2-679676126
S1-586996846	
S1-296711660	
S1-496725704	
S1-866779563	
S1-518450374	S2-69555852,S2-962806869
S1-316430494	
S1-590645137	S2-412646860,S3-436530712
S1-664702362	S2-858547329
S1-235458889	S3-703974135
S1-672948775	
S1-35766160	
S1-666625422	
S1-756681041	S3-973730508
S1-538678490	S2-672190176
S1-750629701	S3-941940045
S1-481370877	S3-535772608,S2-523991298
S1-447642592	S3-140319440,S3-871542732
S1-642547358	S2-358597161,S3-198710663
S1-80313508	
S1-749324609	
S1-170893119	
S1-472621408	S3-703785765
S1-296960561	
S1-7857093	
S1-916692857	
S1-677943221	
S1-246255841	S2-337424593
S1-536062392	
S1-237381557	
S1-78619138	
S1-658586697	S3-22290250
S1-721318321	S3-881692346,S2-176902511
S1-959588760	
S1-207683726	
S1-271055852	S2-702209599
S1-859239561	
S1-8078988	
S1-454625205	S2-941165425
S1-727553831	S2-956675804
S1-647371200	
S1-312690166	
S1-436423644	
S1-848758329	
S1-243881351	
S1-51382776	
S1-871581661	
S1-327297674	S3-700488273,S3-797009049
S1-928445034	
S1-999230356	
S1-731769154	
S1-740865042	S2-479388312
S1-478646208	S2-499266187,S3-876710894,S2-617105825
S1-80235124	S2-246877829
S1-607492270	
S1-888294184	
S1-82538522	S3-432038485
S1-261020725	
S1-648203824	
S1-75579379	
S1-159594905	S2-119755224
S1-476011218	
S1-970002285	
S1-690706499	
S1-8927218	S3-241314065,S2-122962489,S2-844166552,S3-871032067
S1-711473523	S3-350268532,S2-623286091,S2-874544771
S1-162851896	
S1-359350709	
S1-765998204	S2-411645219,S2-429139683
S1-42557097	S3-523482738
S1-53698644	S2-116558630,S2-962806869,S3-756495107,S3-336217692,S3-751599634,S2-504336389
S1-216369272	
S1-779820023	
S1-808497513	
S1-264838486	
S1-842739099	
S1-429428171	S3-672159667
S1-222051173	
S1-935172114	S3-316613997,S3-140479850
S1-118477544	
S1-323323051	
S1-940659527	
S1-253221104	
S1-632980211	
S1-625456515	S2-695469045
S1-286488169	S2-34405280,S3-644913828
S1-964649158	
S1-250051094	
S1-981043102	S2-857829989
S1-642611716	
S1-530712129	
S1-534915218	S3-397593615,S3-451483576,S3-453889160,S3-766347882
S1-452907043	
S1-249045013	
S1-429267565	S3-766347882,S3-453889160,S2-397481253,S2-269371035,S3-318258442
S1-390787486	S2-288910595
S1-858701929	
S1-93555924	
S1-68697708	
S1-340145173	
S1-656441400	S3-220869507
S1-770434787	
S1-773108850	
S1-317332402	
S1-17494188	
S1-379276211	
S1-930941828	
S1-415023253	
S1-463818683	
S1-512883907	S2-26475679
S1-876067190	
S1-869113390	
S1-424037876	
S1-102525000	
S1-162757176	
S1-294444148	
S1-442953804	S2-723342147,S2-547491995,S3-22290250,S3-580961280
S1-808603628	S3-219112351,S3-806573511
S1-908171479	S2-858547329
S1-633219342	S3-158679839
S1-612468646	S2-165014506,S3-852754013
S1-793441656	S2-412379459
S1-495466254	
S1-964354029	
S1-152363738	S3-819385239,S2-291115056
S1-848959993	
S1-442241499	
S1-426993232	S3-686426765
S1-129777418	S3-272662930,S3-531431492
S1-58404762	S2-41719514
S1-415351232	S3-270153204
S1-667619018	
S1-861534190	S2-567034305
S1-790501616	S2-192341577,S3-484216030
S1-709774600	
S1-58925036	
S1-960242753	S2-109457427
S1-904475217	S2-48298313
S1-50870709	
S1-912139393	S3-202618960,S3-139794227
S1-89627860	
S1-248298331	
S1-189333774	S3-403642248
S1-347025123	S3-380119473
S1-581675496	
S1-589804723	S3-637480294
S1-187253828	
S1-787215071	
S1-416558540	
S1-275933050	S2-2275914,S3-169734638
S1-592647295	S3-754992486
S1-234176444	
S1-781087294	
S1-878129633	
S1-819215322	
S1-799788494	S2-325327200
S1-261611216	S2-176010135
S1-331159824	S3-237618111,S3-950800615,S3-185097388,S3-309772625,S3-978057585,S3-795958949,S3-229640665,S3-235469438
S1-43198702	
S1-524474245	S2-475629927
S1-80955785	
S1-749531824	S2-792174350,S2-114768416
S1-652351665	
S1-95543275	
S1-59005919	
S1-95026121	S2-910472613,S2-144949490,S3-729121605,S2-950484789,S3-728833216
S1-6353719	S2-892775005
S1-587916832	
S1-436379365	S3-188775734
S1-546701004	
S1-395101133	S2-141707827
S1-787590348	S3-22290250
S1-480535641	S2-161127931,S2-467846774
S1-439886434	
S1-610703531	
S1-101077500	S2-808434058,S2-919737354
S1-828465190	S2-798841727
S1-164859307	S2-81840003
S1-290942026	S2-621780557,S3-24123956
S1-931789942	S2-854570415,S2-434891037,S3-118309280
S1-678514518	S2-592895340,S3-932434985
S1-437077847	S2-965275915
S1-788347983	S3-957604742,S3-831950088,S2-667143985
S1-741333257	
S1-21232909	S3-674733237
S1-591348135	S2-912873895,S2-778026393,S3-687006570
S1-214630319	S3-320142361,S3-952094338
S1-912708760	S2-530416397
S1-952011875	
S1-10123824	
S1-183020449	
S1-197859113	
S1-138882839	
S1-232959261	
S1-496046402	S3-416820188
S1-612631842	
S1-343765465	
S1-768276298	S3-138573668,S3-479652453
S1-588956771	S2-227675885,S2-733539787
S1-223816034	S2-927028139
S1-6443917	
S1-717274928	S2-419186270
S1-627055903	S2-681967670,S2-657768953,S3-299360675,S2-754997895,S3-549218042
S1-227233973	
S1-350291494	S2-705417860
S1-429740894	
S1-862493768	S3-306529221
S1-224750398	
S1-545026800	S3-856976727,S2-401765066,S2-83576707
S1-792721984	S2-830992496,S2-293184335
S1-126873502	
S1-527042015	
S1-933321360	
S1-752677837	
S1-938907388	S2-80694734
S1-413218422	
S1-971337916	S3-586248981,S3-169174033
S1-738899737	
S1-573610171	
S1-819716243	
S1-117100017	S2-551175672,S2-542703095,S3-568609979
S1-784485668	S3-997212586,S2-638364406
S1-571144085	
S1-125683801	S3-682579571,S2-516447801
S1-130616610	S3-547412666
S1-883731898	S2-881798397,S2-501908939,S3-26090086,S3-743247798,S3-602857424
S1-118948353	
S1-646696313	
S1-328811336	S2-687230181,S3-439314310
S1-768026658	
S1-729967181	
S1-108482737	S3-440947995
S1-793027249	S3-703785765
S1-212755972	
S1-245892915	
S1-193085596	S2-246963166
S1-499542053	
S1-815278726	
S1-69091725	S3-848135705,S2-891136908,S2-697666941,S3-224735810,S3-44659431
S1-660634054	S2-950352055,S3-772693104
S1-842592976	
S1-107505445	
S1-358015426	S2-53388759
S1-388146606	S3-896457875
S1-632424658	S3-162707567
S1-964853230	S2-927364519
S1-770223055	
S1-518167192	
S1-699351847	
S1-798568263	
S1-603507459	
S1-804323331	
S1-380978014	
S1-642177436	
S1-154269493	S2-581812735
S1-89468146	
S1-971272906	
S1-779879038	S3-441969204
S1-661282338	
S1-490973374	
S1-350049363	
S1-458592241	S3-240903605
S1-178128107	S2-148208544
S1-333080541	S3-456840485
S1-795796652	S2-638364406,S2-887016649,S2-521007434,S3-769631623
S1-534952711	S3-349888251,S2-779488800
S1-141342949	
S1-749320929	
S1-15762403	
S1-302170927	
S1-275778357	S2-157274209
S1-357296342	
S1-239889533	
S1-950722833	S3-425542950,S3-785139458
S1-731751725	
S1-29913629	
S1-351397448	
S1-840774488	
S1-360460825	S3-823422977,S2-700787892,S3-601044569,S2-75605698,S2-856031019,S2-809505154,S3-887545375,S3-629296639,S2-452203255
S1-101212272	
S1-788505304	S3-682579571
S1-291488582	S2-795568818
S1-461577795	S2-704945847
S1-656273229	
S1-582665492	S2-501245345,S3-970386562,S3-23529237,S3-644913828,S2-34405280
S1-19930259	
S1-14731647	
S1-449957964	
S1-155820281	S2-639777328
S1-58744537	
S1-314596461	
S1-79990820	
S1-269511622	
S1-730911982	
S1-718556194	S2-826449280
S1-22397016	
S1-321861711	S3-644689161
S1-285820112	S3-185097388,S3-237618111,S3-950800615,S3-309772625,S3-978057585,S3-795958949,S3-229640665
S1-462990380	S3-214353701,S3-755059389,S3-116864699
S1-459456133	
S1-156941062	
S1-214390029	S3-12709929
S1-61873239	
S1-202464377	
S1-758455108	
S1-439880220	S3-272662930,S3-531431492
S1-10214921	
S1-587941494	
S1-469958730	S2-207124521,S2-584652085
S1-493424514	S3-320142361,S3-952094338,S3-72215065
S1-473662535	
S1-433246618	
S1-120841553	S2-696934578
S1-352288556	S2-154127386,S3-621465383
S1-223298575	
S1-139711029	S3-194964308,S3-158679839
S1-828531122	
S1-244025373	
S1-604779148	
S1-495599401	
S1-471086110	S3-356421566,S3-201657718
S1-956358162	
S1-172334464	
S1-413719661	
S1-781350990	
S1-428155262	
S1-660611186	S3-962319353,S2-776119164,S3-272014700,S2-114657831,S2-42607030,S3-133536668
S1-606140610	
S1-407982206	S2-419393429,S2-866083067
S1-992890788	
S1-438063367	
S1-510397955	
S1-486339418	
S1-814379143	
S1-953236252	S2-603868286
S1-134014896	S3-251497579
S1-518737742	
S1-420476958	S2-140450572
S1-940075044	S3-212694021
S1-954490823	S3-291099158
S1-477302058	S2-693273977
S1-171248149	
S1-424061535	S2-120915854,S2-978450909
S1-549712403	
S1-559045812	S2-297682872,S2-709119893,S2-521307541,S2-349536793,S3-584718454,S2-445998193,S2-662858063
S1-47237339	
S1-626088028	
S1-350149375	S2-928335454
S1-939932150	
S1-273810546	
S1-806824025	S3-531431492,S3-468629581,S3-20595783
S1-737977698	
S1-724229616	
S1-137838188	
S1-308954572	
S1-486635760	
S1-841239667	
S1-197725567	
S1-603487251	
S1-496405791	
S1-663733144	
S1-199776571	
S1-446193479	
S1-382161852	S3-806125865,S2-515681626,S3-520304447
S1-751946133	S2-862588937
S1-717607590	
S1-280673928	S2-284302223
S1-503947342	S3-682579571
S1-702336720	
S1-249061271	
S1-560429506	
S1-676944573	
S1-825295473	S2-571231650,S2-518977996
S1-662606688	
S1-954271810	S3-973730508,S2-770562657
S1-796630946	
S1-124746651	
S1-868927189	S2-437751141,S2-398045583,S3-580961280,S3-22290250
S1-579377411	S3-973730508
S1-600137950	
S1-130828199	
S1-475252170	S2-154405595
S1-758859363	S3-517713896
S1-965922270	S2-824790775,S3-934333704,S2-771847116,S3-239048875,S3-613505538
S1-908498349	S3-964951063,S3-14156552,S3-202618960
S1-615258797	
S1-854126586	
S1-667884795	
S1-127185260	S2-430867709
S1-485836583	S3-505480815
S1-929122941	
S1-288393381	
S1-511648826	S2-662198803
S1-57750675	
S1-101305585	S2-758805626
S1-574815582	S2-210699471,S2-987241101,S2-137956231,S2-248996995
S1-244339248	
S1-198738945	
S1-410844885	
S1-441872518	
S1-327307121	
S1-22559805	
S1-571938935	S3-331720772,S2-159401925,S3-934791608
S1-857591086	S3-952094338
S1-144064273	S2-4078626,S2-643551202
S1-236953453	
S1-665935992	
S1-794072295	S2-866083067
S1-68105651	S3-126353692
S1-767994428	
S1-541037858	
S1-950696689	
S1-903335673	
S1-370301686	
S1-173607395	
S1-761533438	S3-999098169
S1-915235852	
S1-28744530	
S1-202263688	S2-552185583
S1-506632453	
S1-363326727	S3-496807970,S2-617105825,S3-795958949
S1-405706474	
S1-123498908	S3-589921963
S1-752444317	S3-839616256
S1-18617782	
S1-26025073	
S1-540873656	
S1-728485963	
S1-200445964	
S1-312365508	S3-379025027,S2-666202661,S2-971647922,S2-213207650
S1-302984270	
S1-600019026	S2-98613890,S3-792521368,S3-618309286,S3-151373224,S3-857019111,S2-17689221,S2-305602831
S1-576047944	S3-436530712
S1-545749326	S3-795917937
S1-585781121	
S1-343083757	
S1-756157526	
S1-582165554	
S1-882129502	S3-144537610
S1-508482709	S2-338173400,S3-494472763,S3-50186126,S2-210699471
S1-227667250	
S1-219869774	
S1-704899065	S2-787759387,S3-220292244,S2-396365069,S2-274071698,S2-609421292,S2-906304429,S3-511675709
S1-643671822	
S1-201145340	
S1-73285369	
S1-915343404	
S1-155654022	S3-825797769
S1-835889297	
S1-968648498	
S1-492412481	S3-320142361
S1-181422605	
S1-722489739	S3-797009049
S1-303037907	
S1-989759837	
S1-928284226	
S1-412773451	S3-908866386,S3-531431492
S1-740642285	S3-27582092,S2-209760502
S1-582144581	S2-154823350,S3-981504594,S3-370209127,S3-115616233,S3-84851387
S1-107088070	S3-138700713,S3-172003460
S1-86982705	
S1-788119291	
S1-261166236	S3-835302291,S2-217569656,S2-210699471,S2-987241101,S2-137956231
S1-618843475	
S1-853191843	
S1-732441166	
S1-697941315	
S1-410364734	
S1-160815754	
S1-256019123	
S1-369729386	S3-714063715
S1-254891821	S3-785139458,S3-133111548
S1-555120512	
S1-840937187	S3-140319440,S2-244025318,S2-82292366
S1-164997086	S2-690496985
S1-58325713	
S1-220846894	
S1-489900340	S3-835213977,S3-789585409,S2-429693859,S3-415789528,S3-566813142,S3-783800892
S1-139328315	S3-806125865,S2-515681626
S1-287667193	S2-899868251
S1-678760379	S3-415441062,S3-175021307
S1-671427966	S3-245544524
S1-259395917	
S1-141746097	
S1-503507018	
S1-786600108	S2-622981300
S1-793857551	
S1-981325229	
S1-799008325	S3-558764289
S1-481336689	
S1-64858346	
S1-155144429	S2-639777328,S2-28374053
S1-192728838	S3-661156761
S1-35292304	S3-884728400
S1-909545224	S2-603868286
S1-605001983	
S1-637355184	
S1-258538149	
S1-235432585	
S1-497387494	
S1-302559196	
S1-215329388	S2-667143985,S3-124814990,S3-946323378,S2-900372673,S3-720702449
S1-514675538	
S1-611694151	
S1-192143734	S3-140319440,S3-871542732
S1-710262565	S2-340141269
S1-130910070	S2-523991298
S1-264809234	
S1-954181397	
S1-599198316	
S1-624312675	S2-154405595
S1-37496002	
S1-7661020	S2-912754978,S3-299360675,S3-982003672,S3-549218042,S2-754997895,S2-105446207
S1-445310612	S3-650787319
S1-315481940	
S1-134791125	S2-779488800,S2-862494717,S3-349888251
S1-172104027	
S1-53324341	S2-409430613
S1-385601385	
S1-660713867	S2-659556821
S1-334381369	
S1-668393858	
S1-699166379	
S1-896536452	
S1-698797565	S3-647388083
S1-836720627	
S1-417836606	S2-374729839,S2-771847116,S2-610797712,S2-70182814,S3-858132790
S1-20180454	S2-764820724
S1-644947855	
S1-637871678	
S1-181773365	
S1-479445281	
S1-706524203	
S1-843352947	S3-116864699
S1-321551949	S2-502922978
S1-742538851	S2-669779115,S3-971114221,S3-666758544
S1-272724078	
S1-518356048	
S1-217194102	S3-272014700
S1-289889171	
S1-716158982	S3-807220296
S1-764450109	S2-325327200
S1-516976425	S2-643551202
S1-183049717	
S1-71876480	
S1-874881562	S3-795917937
S1-815912707	
S1-562477613	
S1-331919930	
S1-230154357	
S1-65487278	
S1-190042095	S2-956675804
S1-725031527	S3-188775734,S3-336389007
S1-433057956	S3-232012689,S2-103113729,S3-21148340,S3-373836318
S1-770877797	
S1-980845157	S3-460475723
S1-165469983	
S1-497411394	
S1-593739217	S2-948056089,S2-25146644
S1-409711511	
S1-433135176	S3-474367574
S1-968776311	S3-80529287,S2-189581657
S1-562000255	
S1-173412718	
S1-447807774	
S1-4901652	S2-199940599,S3-870093297,S2-451708911,S3-753911879,S3-661156761,S3-606977711,S3-802002964
S1-394366070	
S1-556077701	S2-464784720
S1-736226555	
S1-303912348	S3-679130294
S1-276851725	
S1-728741503	S2-337424593
S1-801356905	
S1-287109310	S3-806125865,S2-515681626,S3-520304447,S2-419186270
S1-733034176	
S1-12292005	S3-394472735
S1-160197419	S3-372251080
S1-860967644	S3-21833509
S1-502339017	S2-243754471
S1-235129928	S3-22290250,S3-580961280,S3-267042959,S3-743825434,S3-970386562
S1-279871884	
S1-288892988	
S1-337042351	
S1-746131793	
S1-386028567	
S1-319350548	S2-780622337,S2-580197440,S2-832204203,S2-969405168
S1-452411051	
S1-579626349	S3-853105439
S1-296209092	S3-22290250,S3-580961280,S3-267042959,S2-290365181,S3-743825434
S1-458028289	S2-966863802
S1-417222362	
S1-656035872	
S1-794080985	
S1-252099727	S2-170137084
S1-140039371	S3-136344873
S1-368659533	S2-602774398,S3-582692204
S1-684838206	
S1-328307766	
S1-104931665	S3-850155508
S1-651251469	
S1-494318735	
S1-15769759	
S1-695081073	S2-752882336,S3-766761545
S1-68714666	S2-910680160
S1-915892569	S3-912092740,S2-103197046,S3-584718454,S3-835213977
S1-723604458	
S1-62609852	S3-836467676
S1-419582057	S2-274071698,S3-644883758,S2-787759387,S2-577403038,S2-906304429,S2-493404621,S2-609421292,S3-642317482
S1-515454077	S3-19859745,S2-83576707,S2-116516180,S3-50186126
S1-194770125	S3-147478965
S1-839136810	
S1-944968421	
S1-622639065	S2-140597655,S2-210699471,S2-248996995,S2-987241101,S2-137956231
S1-868431977	
S1-279337490	
S1-640394115	S2-965275915
S1-584063214	
S1-79681101	
S1-927034032	S3-985712505
S1-311935438	
S1-850047618	
S1-750931070	
S1-924525307	S3-942337149
S1-537249042	S2-412646860
S1-134825803	
S1-713320674	
S1-403162686	
S1-673927406	S3-419298483
S1-921330764	
S1-574986925	S3-831950088,S2-667143985,S2-374351041
S1-41112867	
S1-295018464	S2-572423656
S1-683773612	S3-999700300,S2-907799512
S1-151290613	S3-303720251,S3-115616233,S3-935391209
S1-397911773	S2-325327200
S1-149292451	
S1-431579614	
S1-755292358	S2-103197046,S3-366353235,S2-194533818,S2-138363941,S2-731202532,S3-373175244
S1-789636196	
S1-532045404	
S1-457399306	S2-541733889
S1-744367316	
S1-243684438	
S1-333065985	
S1-198145685	S2-684076831
S1-920236021	S2-119755224,S2-759201780
S1-108782668	
S1-775077332	S3-46029176,S2-39947184,S3-577094154
S1-437649324	
S1-542467891	S3-728196666,S3-888871779
S1-188310976	S3-967155353
S1-87783057	S3-317510432,S2-298198268,S3-535220185,S3-467205698,S3-800157653,S2-210699471
S1-902235816	S3-187195322,S3-396357672,S3-378508059
S1-11859943	
S1-676201474	S3-161385082
S1-602330179	S3-152887742,S3-151373224,S2-305602831,S2-17689221,S2-784679202
S1-783482307	
S1-407014062	S2-63113626
S1-735208801	
S1-169961545	S2-270149362
S1-795896539	
S1-606446042	
S1-83582507	S2-603868286,S3-997737097
S1-216486380	
S1-913307878	S3-894528981,S2-784679202,S3-586167887,S2-455144210,S2-349408528,S2-374729839,S2-771847116,S3-613505538
S1-718188964	
S1-32018252	S3-584718454,S2-349536793,S2-771091353,S2-521307541,S2-445998193,S2-662858063
S1-462040160	S2-516623204,S3-606661156
S1-235334197	S3-320142361,S3-952094338,S3-72215065
S1-661967715	
S1-80675225	
S1-854941545	S3-601044569
S1-307389568	S2-924203146
S1-334276408	
S1-354765741	S2-123052021
S1-103404732	
S1-472052510	
S1-461505419	S3-655201065,S3-496405669,S3-503678717,S3-409334937
S1-778752736	
S1-980038990	S2-412379459,S3-952094338
S1-244498515	
S1-525418989	
S1-664338987	
S1-500016395	S3-115616233
S1-344819574	S3-824977899
S1-500237170	S3-602857424,S3-841312320,S2-978919730,S3-567905568,S3-745178589
S1-234856656	
S1-63631351	
S1-671852188	
S1-13674321	
S1-887976399	S2-764104041,S3-962319353,S2-142778923
S1-660207368	
S1-816000883	S3-161385082
S1-690920438	
S1-240088165	S2-728210135
S1-658731443	S2-138363941,S2-194533818,S3-664705954,S2-103197046,S3-366353235,S3-50464489,S3-373175244,S2-731202532
S1-986278124	
S1-331723452	S3-728833216,S3-826956574,S2-314139407,S2-530988740,S2-548696860,S3-46029176,S3-577094154
S1-173891749	S3-558764289,S3-941940045,S3-326667033
S1-771604712	
S1-558550321	
S1-452290917	
S1-948137892	S2-713292636
S1-169487261	S2-574054294
S1-680718880	
S1-39663860	
S1-476457581	S3-207221919
S1-86814322	
S1-444842138	
S1-51467238	S3-207221919
S1-360250378	S2-148208544
S1-113275955	
S1-568444480	S2-396424300
S1-411185005	
S1-714260033	S3-520304447
S1-947565364	S3-785139458
S1-454891885	
S1-821350616	
S1-216012440	
S1-426884393	S2-945343613
S1-805484050	
S1-611722287	
S1-338842673	
S1-253231229	S2-244025318,S3-140319440,S3-337233855,S2-611362124
S1-113294944	
S1-440935690	
S1-682325350	
S1-754498779	
S1-165679051	S3-823422977,S2-700787892,S3-601044569,S2-75605698,S2-856031019,S2-809505154,S3-887545375,S3-629296639,S2-452203255
S1-511034782	
S1-121994471	S3-582692204
S1-747649573	
S1-695435812	S3-263378330,S2-757149481,S2-233475606,S3-59919947,S2-902346015,S3-79769958
S1-535348052	
S1-720767898	
S1-752758499	
S1-499078109	
S1-273399697	
S1-47806157	
S1-497154705	
S1-395364658	
S1-934080135	
S1-774288860	
S1-836672581	S2-412379459,S3-952094338
S1-442859799	S3-162707567
S1-73428502	S3-679770637
S1-544629252	
S1-489244262	S3-586248981
S1-22017155	S2-295567166
S1-298973796	
S1-948076934	S2-189581657,S2-674311578
S1-877210304	
S1-376020651	S2-342516411,S3-373836318,S3-21148340,S2-62853272,S2-103113729,S2-524842790,S3-538501891,S2-544440116
S1-318436753	
S1-137829475	
S1-421416675	
S1-570913900	
S1-779355192	S3-778019341
S1-927208243	
S1-716619082	S3-589921963,S3-293014359,S3-669020885
S1-902286174	S2-32385625
S1-417643547	
S1-589494515	S2-618072894
S1-361353639	
S1-557825442	S2-356524588
S1-461188913	S3-312181089
S1-920463994	S3-580961280,S3-22290250,S3-267042959,S3-743825434
S1-206041864	
S1-265517588	
S1-522546069	S2-818765443,S2-907799512
S1-278041880	
S1-200883704	
S1-608930851	
S1-884568718	S2-672190176
S1-435096897	S2-157274209
S1-670737046	
S1-445060902	
S1-585386936	
S1-336646378	S2-316938910
S1-789769762	S2-64450980
S1-567327874	
S1-654927462	S2-835898865
S1-358384000	
S1-251165911	
S1-129890390	
S1-172452688	
S1-789507075	S2-951097712
S1-211559909	
S1-747550645	S2-183169361
S1-390307402	
S1-484632996	
S1-418036142	
S1-778516246	
S1-136054394	S3-471792968
S1-627373285	
S1-62618361	S3-973730508
S1-895620769	S3-836467676
S1-655960239	
S1-875096985	S3-317127230
S1-160780350	
S1-266172824	
S1-418581414	
S1-253779385	
S1-273469066	S3-338626762,S2-842766907
S1-812003530	
S1-767021461	
S1-217466045	
S1-776454667	
S1-550750330	
S1-598873070	S3-757515036
S1-339769308	
S1-341090543	S3-550396548
S1-366223088	S3-320142361,S3-952094338
S1-536308268	S2-524842790,S3-373836318,S2-103113729,S3-538501891,S2-342516411,S3-21148340,S2-146040317
S1-432096213	
S1-895669122	S3-653744337
S1-680422609	S3-136420933
S1-276909884	
S1-75256232	
S1-679920743	S3-785139458
S1-74706184	S2-502325906
S1-338060577	
S1-915688305	
S1-216881688	S3-416820188
S1-558334337	S3-202618960
S1-881578371	S2-862588937
S1-488649847	
S1-413175206	S2-638364406
S1-413458172	S3-272113777,S3-578669679,S2-503362205
S1-404063418	
S1-319385232	
S1-816084853	
S1-159743480	
S1-331919703	
S1-329723507	
S1-473516492	S2-859303184,S3-301269628
S1-286553055	S3-335267836,S2-918879093,S2-525416982
S1-82862766	S2-584652085,S2-207124521
S1-891540805	S3-166999036
S1-962815595	S2-176010135
S1-999576635	
S1-170439262	
S1-202070614	S2-978919730,S3-602857424,S3-567905568,S3-745178589
S1-392283224	
S1-157834991	S3-587435147
S1-484235586	
S1-561927991	
S1-242759074	
S1-454152768	S3-941940045
S1-602159669	
S1-983434433	
S1-824076623	
S1-252822720	
S1-869387321	S3-184646006
S1-19876161	
S1-815161077	
S1-882324355	
S1-237905235	
S1-285033735	
S1-932588928	S3-754992486
S1-309709103	S3-423035389
S1-98703062	
S1-727936942	S3-952094338,S3-320142361
S1-754665005	S2-761015077
S1-267547269	
S1-583925539	S3-132812566
S1-594612925	S2-285688053
S1-217874879	
S1-186162982	S3-498012917,S2-536543339,S3-49637018
S1-477398532	S3-5539515,S2-906805001
S1-690326320	
S1-351348403	S3-281864218,S3-157559765,S3-725682492,S2-697801259,S3-981504594,S2-154823350
S1-898867040	S2-949487970,S2-962806869
S1-748976197	
S1-490315698	S2-849304260
S1-641620137	
S1-697987697	
S1-743646085	
S1-444535397	
S1-474205944	
S1-215724899	
S1-729311629	
S1-850029031	S2-505852721
S1-119995019	
S1-676443649	
S1-620527530	
S1-25617161	
S1-114530120	S3-423072791
S1-926288423	S3-703785765,S3-207221919
S1-710207506	S3-100211028
S1-32177263	
S1-1152723	S2-238686223
S1-593371882	
S1-574225482	S2-773769676,S2-274071698,S2-787759387,S2-577403038,S3-644883758,S2-906304429,S2-493404621,S3-642317482,S2-396365069
S1-21147754	S3-214676351
S1-587615576	
S1-115802510	
S1-123558628	S2-272163706,S2-883999966,S2-22963740,S3-481888831,S2-666202661,S2-971647922,S3-235469438,S3-229640665
S1-631515447	S3-293014359,S2-589993709
S1-49522115	S2-714694774
S1-787867618	S2-910680160
S1-70415670	
S1-474083138	S3-548427775,S2-55435524
S1-86245138	
S1-292400967	
S1-776821424	
S1-300091245	
S1-621813815	
S1-905537494	S3-705681311
S1-52895398	
S1-498033589	S3-84851387,S3-157559765
S1-820475415	
S1-488306349	
S1-498793622	
S1-220326931	
S1-353437900	
S1-386239741	
S1-70393689	
S1-958685902	S3-531431492,S3-20595783
S1-610098421	S2-214118408,S2-501245345,S3-970386562,S2-34405280
S1-832218006	
S1-661773141	
S1-270123986	S3-981504594,S2-154823350,S2-444421486,S2-914828978
S1-877848957	
S1-227025151	
S1-271242530	S2-743133747
S1-135574608	
S1-629738515	S2-248772119
S1-366285690	
S1-924558101	
S1-984480456	
S1-661917252	
S1-646682391	
S1-367779459	
S1-608918569	S3-148850456
S1-789231434	
S1-289664374	
S1-164507840	
S1-459097311	
S1-98414624	
S1-524586615	S2-159294859
S1-511966162	S2-858547329
S1-458614463	
S1-464089017	S3-952094338,S3-320142361
S1-36189077	
S1-673938189	S2-627114123
S1-255507294	
S1-873971151	
S1-907839132	S3-251339768
S1-630547491	S3-13501810
S1-565989159	S2-922008018
S1-32397763	
S1-530849730	
S1-350388894	S3-44659431,S3-6891877,S3-95559927,S2-287375455,S2-697666941,S2-891136908,S3-224735810,S2-663169636
S1-858910942	
S1-195829266	
S1-151669032	S2-638364406,S2-887016649,S3-611173929
S1-53621267	S2-193363774
S1-562540379	S3-325653262,S3-785077066
S1-543483325	S3-657759723
S1-503912880	S3-602857424,S2-116516180,S3-8403614
S1-523930149	S2-155163058
S1-810231345	S2-962806869,S3-756495107,S3-751599634,S2-504336389
S1-86085617	
S1-746672288	
S1-550097346	
S1-33565580	
S1-235478064	
S1-922446288	
S1-708677344	
S1-974992965	
S1-651410091	S2-269371035,S3-51452563,S2-180850876
S1-121210898	
S1-188324193	S3-535326697
S1-952669880	
S1-239338267	S3-194964308,S3-158679839
S1-797971398	
S1-817091470	
S1-205558021	
S1-947674704	
S1-265564044	S3-40710893,S2-299364191,S2-912221641
S1-400823095	
S1-783185243	S3-318258442,S2-706554394,S2-340451179
S1-724417340	S3-682579571,S2-516447801
S1-415393038	
S1-642654031	
S1-817235167	S2-669042576
S1-282591353	S2-836688678
S1-806237517	S2-218098103
S1-810065925	
S1-134261247	S3-45029156,S3-430100701,S2-643551202,S3-795627092,S3-917808945
S1-605324318	S2-244025318,S3-140319440,S3-337233855,S2-611362124
S1-530171385	S3-143126140,S2-787652394
S1-864431514	S3-526657351
S1-177990498	S3-606661156,S3-377666836
S1-506919684	
S1-175735299	
S1-426991037	
S1-345617307	
S1-580686524	S3-144107689
S1-124382145	
S1-946349737	
S1-318242658	S2-432014199,S2-89395850,S2-971647922
S1-49111126	
S1-817251429	S3-136420933
S1-314337200	
S1-303600863	
S1-41123689	
S1-448792963	S3-214283187,S3-602857424,S2-116516180,S3-8403614
S1-558424511	S3-214283187,S3-552559747
S1-789392693	S2-909777979
S1-246006082	S3-207221919
S1-168205388	
S1-25026148	S3-741506029,S3-318029598,S3-453889160,S3-766347882,S2-918879093,S2-269371035
S1-483162653	S3-437694960
S1-398837858	
S1-776384780	
S1-771639334	S3-104399399,S2-34405280
S1-52105014	
S1-575795150	
S1-671116745	S2-275151763
S1-326337206	
S1-756362649	S2-567847336,S3-237005302
S1-75279447	S3-936435693
S1-601604360	
S1-195029375	S2-962806869,S3-756495107,S3-336217692
S1-954385877	
S1-182678005	
S1-482787923	
S1-300745467	
S1-498643140	
S1-29691575	S2-642144658,S3-439314310
S1-269899777	S2-68983540
S1-789387935	
S1-390897991	
S1-666275041	
S1-26570538	S3-201462783,S2-369450968
S1-838869818	S2-902346015,S3-263378330,S2-757149481,S3-59919947
S1-596169155	
S1-624210352	
S1-923447601	S3-158679839
S1-228116278	
S1-288311482	
S1-103426584	
S1-583510625	
S1-90597350	
S1-769968282	
S1-487122479	
S1-288359730	S3-403642248
S1-558614236	S2-924203146
S1-781851401	
S1-773427560	
S1-590125016	
S1-376566006	
S1-502994296	
S1-239280943	
S1-484675960	S3-524532827
S1-190713024	S2-565888134
S1-692870764	
S1-243315296	S3-657759723
S1-574837603	
S1-436475948	S3-499520296
S1-890423994	
S1-34822653	S3-548427775,S2-988929137
S1-239559210	
S1-605754661	S2-835786657,S2-214118408
S1-726997272	
S1-771594753	
S1-928833727	
S1-404220794	
S1-371149067	
S1-118949392	
S1-5648780	
S1-465493987	
S1-868643725	S3-836781518,S3-686873509
S1-837627819	S2-192341577
S1-913924013	S3-320142361,S3-952094338
S1-759106337	
S1-677672741	
S1-585642611	
S1-775127048	S2-697666941
S1-262535344	
S1-399264163	
S1-913815697	
S1-703861744	
S1-100912247	S2-978919730
S1-909986124	S3-132035045,S2-489952354,S3-951921465,S3-550997501
S1-213590443	S2-567123249
S1-382477019	
S1-850880974	S3-883052480
S1-1468202	S2-153326564
S1-89004356	
S1-622713223	S3-24123956
S1-35724649	
S1-421448699	
S1-319249539	
S1-538688762	S3-572170465
S1-501662236	S3-905852852
S1-320189706	S3-72215065,S3-320142361
S1-38027476	S3-644689161
S1-847745155	S3-32332676
S1-95727275	S2-412154841
S1-658916953	S3-185097388,S2-617105825
S1-33206973	
S1-204767478	
S1-968362340	
S1-129637107	S2-106239678,S2-706554394
S1-778526526	S2-835786657,S3-83242920,S2-838613479,S2-214118408,S3-22290250
S1-335982378	
S1-412700978	S2-51602586
S1-342571961	S2-577056087
S1-872629787	S3-856976727,S2-401765066,S2-210699471,S3-567905568,S2-248996995,S2-137956231
S1-901309865	
S1-880222455	
S1-681379479	
S1-660948945	S2-832258597,S3-586248981
S1-847410210	S3-323459238
S1-351028717	S3-754992486,S3-824685926
S1-697015944	S2-562918057
S1-43366401	S2-710328757
S1-616759319	
S1-109578114	
S1-320372685	S3-194964308,S3-158679839,S2-483688609
S1-246108349	
S1-453692548	S2-34312718
S1-531434445	
S1-647613040	S2-615808887,S2-791128623,S2-213207650
S1-388101816	S2-773769676,S2-274071698,S3-220292244,S3-458257515,S2-577403038,S2-493404621,S2-906304429,S2-475996528,S2-787759387
S1-935699428	S3-68849549
S1-711862592	S3-463832259,S3-23596484
S1-114371475	
S1-254463441	S3-705510619
S1-820957706	
S1-434360890	S2-273662376
S1-786755166	
S1-533362634	
S1-601308400	
S1-823969735	
S1-486087195	
S1-268599153	S3-602857424,S2-790271042,S2-978919730,S3-567905568,S3-745178589
S1-279022886	S2-106239678
S1-571243549	
S1-657821775	S3-998118018
S1-955559273	
S1-872546062	
S1-474507213	
S1-274882711	S3-686426765
S1-544892553	S2-982394626
S1-976865929	
S1-133805540	S2-876220070
S1-619489361	S3-805480616,S3-746413100,S3-505519829,S2-392271765,S2-512494706
S1-287686350	
S1-479047675	
S1-504719845	
S1-522556841	S2-374729839,S2-771847116,S2-70182814,S2-610797712,S3-858132790,S3-151373224
S1-33383771	
S1-974654558	S3-417225225
S1-988299620	
S1-433875915	
S1-594445110	
S1-983381932	
S1-432524683	
S1-29421019	
S1-108217902	
S1-795858124	
S1-715053642	S3-728196666,S3-888871779
S1-649241934	S3-973730508
S1-902157746	
S1-152879666	
S1-927967754	
S1-231435628	
S1-271709673	
S1-692695255	
S1-862302335	
S1-605225582	
S1-887635314	
S1-449618046	
S1-520819204	
S1-165849435	
S1-720130842	S3-51595816
S1-288956190	
S1-706856986	
S1-61414496	
S1-769102558	
S1-319203088	
S1-856797242	
S1-799661333	
S1-800783508	
S1-206500997	
S1-556734490	
S1-214973218	
S1-504340334	
S1-832282593	
S1-639926803	
S1-385859046	
S1-806038215	
S1-800661864	
S1-88583287	
S1-181942446	
S1-943122000	
S1-840411376	
S1-166628800	
S1-363506297	
S1-988029489	
S1-304326837	
S1-712817901	
S1-70711306	
S1-515358154	
S1-962208783	
S1-790855008	
S1-84736968	
S1-953359675	
S1-386846905	
S1-598627222	
S1-768232381	
S1-112191014	
S1-309701706	
S1-188499364	
S1-353813637	
S1-953939167	
S1-597894454	
S1-89839139	S3-334733281
S1-931713509	
S1-39797385	
S1-127022275	
S1-741373638	
S1-116564502	
S1-455244181	
S1-557405889	
S1-865147755	
S1-194146999	
S1-233936502	
S1-486415586	
S1-37819735	
S1-516456202	
S1-547191501	
S1-298982189	
S1-928961814	
S1-170519238	
S1-107477216	
S1-251790121	
S1-523981390	
S1-445032220	
S1-969202801	
S1-867123103	
S1-613104334	
S1-957795031	
S1-631587606	
S1-360371471	
S1-868630926	
S1-461811200	S3-51371168
S1-393096521	
S1-5858709	S2-966079705
S1-984908077	
S1-463767182	
S1-274678594	
S1-300618057	
S1-857232951	
S1-940104331	
S1-191220660	
S1-181185508	S2-25948209
S1-909699580	
S1-829884447	
S1-387959541	
S1-671492217	
S1-800890518	
S1-447997146	
S1-217363947	
S1-410917770	
S1-850726347	
S1-985688789	
S1-296741448	
S1-525031165	
S1-527661672	
S1-170121674	
S1-286208104	
S1-168525628	
S1-365474580	
S1-237319130	
S1-540395210	
S1-214748224	S2-487188040
S1-927093221	
S1-505052700	
S1-574900117	
S1-530018127	
S1-324202147	
S1-423214514	
S1-478491413	
S1-890419638	
S1-63116107	
S1-618406627	
S1-63848460	
S1-957287636	
S1-345267515	
S1-342832092	
S1-660706908	
S1-840851094	
S1-978906574	
S1-71420327	
S1-571382538	
S1-989305363	
S1-634335722	
S1-408869900	
S1-183144161	
S1-764419749	
S1-805755776	
S1-658698155	
S1-685941453	
S1-169583920	
S1-824362151	
S1-821266904	S2-171998472
S1-620782197	
S1-908945964	
S1-756667050	S3-301987068
S1-357784327	
S1-815450449	
S1-640900300	
S1-650389089	
S1-747131011	
S1-12025796	
S1-210462937	
S1-620514106	
S1-660775687	
S1-49892307	
S1-889699064	
S1-404201819	
S1-404145085	
S1-882503708	
S1-76633642	
S1-638634348	
S1-376890911	
S1-257533317	
S1-5616987	
S1-757386810	
S1-659593519	
S1-126417155	
S1-265523177	
S1-695191	
S1-129368397	
S1-502478138	
S1-266520195	
S1-996088408	
S1-466862886	
S1-340545384	
S1-332306632	
S1-728992727	
S1-727699919	
S1-977597957	
S1-294846641	S2-638624724
S1-39270048	
S1-692471791	
S1-793694510	
S1-205424939	
S1-590425332	
S1-13869364	S2-448985889
S1-67895889	
S1-280014217	
S1-129055511	
S1-994235648	
S1-541213688	
S1-223469444	
S1-712053441	
S1-741924550	
S1-102052414	
S1-713304590	
S1-607374288	S2-582899998
S1-166344231	
S1-790479727	
S1-436488121	
S1-150854047	
S1-132736407	
S1-303834999	
S1-4169702	
S1-7700184	
S1-900757204	
S1-840123645	
S1-428881925	
S1-994809548	
S1-757492970	
S1-448982278	
S1-26093298	S2-904865393
S1-839792038	
S1-320917343	
S1-540300706	
S1-54890011	
S1-322674203	
S1-793527725	
S1-12678287	
S1-295821829	
S1-310452294	
S1-8946634	
S1-545963882	
S1-307098622	
S1-43045008	
S1-243461178	S3-371873684
S1-418851111	
S1-451166598	
S1-749908579	
S1-395650318	
S1-486856605	
S1-801878190	
S1-167543645	
S1-870799019	
S1-885977330	
S1-801571598	S3-391052537
S1-866561288	
S1-601558784	
S1-869719093	
S1-510040348	
S1-423206054	
S1-174593941	
S1-580573573	
S1-895049508	
S1-530531974	
S1-437254976	
S1-221549009	
S1-624940227	
S1-712780707	
S1-54207685	
S1-812028449	
S1-812817621	
S1-146868820	S3-52970553
S1-576817618	
S1-713526748	
S1-592481626	
S1-960711673	
S1-121259788	
S1-406122780	
S1-602455024	
S1-364483782	
S1-361463658	
S1-23534954	
S1-338448855	
S1-951793732	
S1-331016431	
S1-654979713	
S1-568874585	
S1-312935763	
S1-871608416	
S1-109634383	
S1-97072668	
S1-251045301	
S1-364497949	
S1-358814329	
S1-466215759	
S1-847370691	S3-619934096
S1-293782217	
S1-260500625	
S1-621712728	
S1-73242200	
S1-710017984	
S1-598983482	
S1-821120224	
S1-359449673	
S1-266979233	
S1-746225167	
S1-631115678	S2-793894201
S1-881351128	
S1-976484988	
S1-548917512	
S1-353091061	
S1-151573948	
S1-787518212	
S1-480049988	
S1-818062096	
S1-989588251	
S1-628578521	
S1-311901636	
S1-764389911	
S1-460666299	
S1-138913037	
S1-748332975	
S1-94520319	
S1-562874534	
S1-592225968	
S1-768214274	
S1-594244080	
S1-103466609	
S1-479024738	S2-942737286,S2-75184461
S1-885986356	
S1-285614131	
S1-866227352	
S1-398828260	
S1-567625916	
S1-504520820	
S1-976901080	
S1-913439684	
S1-138130420	
S1-994883016	
S1-288506830	
S1-101699847	
S1-936567818	
S1-734765214	
S1-395362594	
S1-791366835	
S1-829604455	S2-880387248
S1-184730510	
S1-864957781	
S1-18773350	
S1-519464184	
S1-529217604	
S1-822349016	
S1-222378198	
S1-904087927	
S1-853800731	
S1-284072763	
S1-492108513	
S1-339341962	
S1-660043975	
S1-109716693	
S1-389420806	
S1-872446431	
S1-399494869	
S1-547977622	
S1-77590467	
S1-476733511	
S1-707949549	
S1-542552822	
S1-655310182	
S1-23180738	
S1-879269195	
S1-664346058	
S1-215103264	
S1-205174124	
S1-595703642	
S1-454830700	
S1-821564071	
S1-399179493	
S1-714550796	
S1-681335556	
S1-227479837	
S1-903645900	
S1-806794433	
S1-837826171	S3-635338633
S1-663898827	
S1-197234216	
S1-524614924	
S1-297442172	
S1-66586329	
S1-396272762	
S1-179350389	
S1-168799504	
S1-520720964	
S1-565466130	
S1-53340881	
S1-595355739	
S1-129123028	
S1-897262223	
S1-741645423	S3-850384973
S1-574648819	
S1-729225702	
S1-47364988	
S1-309860140	
S1-45739626	
S1-26498515	
S1-274873298	
S1-402555420	
S1-732906267	
S1-584672217	
S1-17518026	
S1-572592901	
S1-475291468	
S1-535855819	
S1-778089868	
S1-227449323	
S1-659404172	
S1-340913607	
S1-533564210	
S1-222917102	
S1-248458006	
S1-738549688	
S1-414900221	
S1-282779145	
S1-796006171	
S1-814147737	S2-485226027
S1-580274112	
S1-153868360	
S1-105451127	
S1-193711174	
S1-704589357	
S1-520804894	
S1-824107838	
S1-826638505	
S1-177090595	
S1-825065156	
S1-424731177	
S1-625509285	
S1-99392836	
S1-438334965	
S1-333776311	
S1-149744284	
S1-223682819	
S1-79251425	
S1-474337693	
S1-656049672	
S1-671923340	
S1-668335026	
S1-969028088	
S1-865097877	
S1-222110499	
S1-390908261	
S1-867449937	
S1-405373785	S3-86246844
S1-38894061	
S1-858980920	
S1-47294890	
S1-567688986	
S1-425345715	
S1-471679650	
S1-660367903	
S1-767421213	
S1-196362208	
S1-939161018	
S1-635275991	
S1-225473241	S3-863380718
S1-986317999	
S1-384565108	
S1-49168199	
S1-777273841	
S1-227414551	
S1-623937067	
S1-426918035	
S1-284128502	
S1-557830608	
S1-487496160	
S1-146368499	
S1-817207769	
S1-959216867	
S1-753477525	
S1-551459388	
S1-585669690	
S1-335466812	
S1-938441325	
S1-353344415	
S1-871052717	
S1-784624016	
S1-490486686	
S1-356015566	
S1-335239458	
S1-228460270	
S1-177962918	
S1-370638287	
S1-629825603	
S1-363809976	
S1-746643364	
S1-962483175	
S1-169763391	
S1-152074149	
S1-777597418	
S1-687201606	
S1-708921798	
S1-633308774	
S1-804000690	
S1-267993787	
S1-872305178	
S1-478113507	
S1-848243634	
S1-390491821	
S1-11171748	
S1-538310716	
S1-779534222	
S1-627771976	
S1-794001211	
S1-690193615	
S1-27223695	
S1-600814259	
S1-860975297	
S1-339216564	
S1-256674895	
S1-114491219	
S1-655360448	
S1-888394317	
S1-130198577	
S1-302117970	
S1-915568804	
S1-298106464	
S1-268852751	
S1-520762312	
S1-455770197	
S1-152106596	
S1-680065625	
S1-742564243	
S1-916614685	
S1-711588498	
S1-920525260	
S1-666098054	
S1-17334541	
S1-827466762	
S1-648528941	
S1-916130878	
S1-801087408	
S1-667906999	
S1-53158126	
S1-457754395	
S1-112918479	
S1-784810243	
S1-214488880	S3-782458992
S1-437727564	
S1-624674101	
S1-205928338	
S1-788066701	
S1-205360950	
S1-700160599	
S1-932962558	
S1-317207440	
S1-784405726	
S1-373244925	
S1-997949166	
S1-42756770	
S1-92783496	
S1-955402223	
S1-340539594	
S1-262819327	
S1-939004742	S2-314945624
S1-162621318	
S1-590569054	
S1-201661543	
S1-670304053	
S1-976186187	
S1-521758834	
S1-377939981	
S1-784865952	
S1-419874925	
S1-184405404	S3-972622299
S1-570496213	
S1-683230903	
S1-211561779	
S1-336407679	
S1-72564850	
S1-395278666	
S1-32757089	
S1-647729964	
S1-955328663	
S1-437900804	
S1-437121364	
S1-808828339	
S1-437914428	
S1-996199435	
S1-941170542	
S1-20892003	
S1-389304241	
S1-5296711	
S1-368480228	
S1-417662236	
S1-220497354	
S1-725775121	
S1-888652958	
S1-522181971	
S1-702723303	
S1-956747712	
S1-735289794	
S1-533925124	
S1-31871684	
S1-575877365	
S1-524003366	
S1-919990901	
S1-953580442	
S1-671340387	S2-783144072
S1-270333563	
S1-271182927	
S1-579821713	
S1-368301077	S2-772780566
S1-433708624	
S1-422315027	
S1-275077976	
S1-407648498	
S1-103315880	
S1-157438048	
S1-994531238	
S1-413008811	
S1-781025825	
S1-951743457	
S1-928377593	
S1-846866347	
S1-234795407	
S1-372105578	
S1-985243117	
S1-79928533	
S1-231002595	
S1-951123337	
S1-105043321	
S1-143493250	
S1-201709761	
S1-332420727	S2-116428937
S1-982538134	
S1-823668385	
S1-405742170	
S1-752221170	
S1-297927930	
S1-530964668	
S1-208328015	
S1-383655214	
S1-626404056	
S1-852049562	
S1-261942787	
S1-638108996	
S1-728567441	
S1-182787940	
S1-610175938	
S1-853130458	
S1-688328049	
S1-544589275	
S1-933486708	
S1-437312259	
S1-687997676	
S1-212779813	
S1-286860924	
S1-281145659	
S1-926735000	
S1-168193378	
S1-35011614	
S1-228611285	
S1-81777744	S3-14406670
S1-739378855	
S1-125018120	
S1-550890621	
S1-524832439	
S1-716616272	
S1-154441723	
S1-721894407	
S1-975837095	
S1-153128419	
S1-644879145	
S1-836456031	
S1-204101395	
S1-104939111	
S1-133846032	
S1-128657426	
S1-593885354	S3-187157652
S1-496178856	
S1-516022926	
S1-159935871	
S1-962155077	
S1-49876628	
S1-651751310	
S1-591712394	
S1-646690105	S2-214491064
S1-196889791	
S1-601430398	
S1-634965467	
S1-432998176	
S1-811812860	
S1-634433244	
S1-642994841	
S1-783340009	
S1-747999393	
S1-798975195	
S1-194776944	
S1-238885995	
S1-71206638	
S1-316940983	
S1-591666867	
S1-499775495	
S1-663640429	
S1-915757658	
S1-678002678	
S1-253550663	
S1-652262698	
S1-435376896	
S1-181476262	
S1-426074683	
S1-941923013	
S1-420962081	
S1-808645125	
S1-448734838	
S1-738439096	
S1-999868419	S3-707920180
S1-148506159	
S1-344673379	
S1-164828435	
S1-263199642	
S1-63990388	
S1-673303197	
S1-662410457	
S1-388115668	
S1-883459376	
S1-45128642	
S1-89216287	
S1-960163519	
S1-601458698	
S1-562377696	
S1-585749936	
S1-386426428	
S1-279121420	
S1-314873219	
S1-77687224	
S1-368490631	
S1-757389316	
S1-192922703	S3-767678779
S1-997827848	
S1-122437888	
S1-870522313	
S1-470784985	
S1-787868963	
S1-969639224	
S1-527863752	
S1-892568815	
S1-269470208	
S1-609089782	
S1-551153485	
S1-230644567	S2-784373417
S1-621394750	
S1-448603351	
S1-682125410	
S1-751719990	
S1-878430863	
S1-350182274	
S1-938854788	
S1-746016597	
S1-439222285	
S1-426179516	
S1-862469952	
S1-206583827	
S1-93396358	
S1-735483026	
S1-892787881	S2-219598746
S1-677996805	S3-886665878
S1-602186170	
S1-600590965	
S1-487704266	
S1-601126030	
S1-198712800	
S1-229020497	
S1-803080815	
S1-347594707	
S1-177472630	S2-409306922
S1-10717249	
S1-774326451	
S1-737272718	
S1-604899503	S3-499539770
S1-395985774	
S1-444387941	
S1-991863363	
S1-713574984	
S1-915576738	
S1-877755398	
S1-410196468	
S1-58725718	
S1-424713065	S2-270414889
S1-498932482	
S1-940773210	
S1-135172496	
S1-371335627	
S1-350779193	
S1-271211589	
S1-325673486	
S1-608913058	
S1-236123768	
S1-307896651	
S1-564754641	
S1-917945144	
S1-398130229	S3-721429619
S1-402912939	
S1-912252912	S3-844515021
S1-368401020	
S1-28814470	
S1-960446947	
S1-831411717	
S1-770406986	
S1-586654590	
S1-445891138	
S1-216157096	
S1-964774562	
S1-909835181	
S1-840579216	
S1-177733804	
S1-417733904	
S1-493441811	
S1-370729298	
S1-176665677	
S1-113621746	
S1-191138036	
S1-109900958	
S1-425847000	
S1-867670925	
S1-499922332	
S1-634256871	
S1-549704230	
S1-140076091	
S1-167266934	
S1-124584160	
S1-447790639	
S1-780521506	
S1-595054264	
S1-550062147	
S1-190237407	
S1-970404260	
S1-547340569	
S1-605671051	
S1-717297019	S2-676338494
S1-32096251	
S1-979128688	
S1-706676233	
S1-302406646	
S1-389491962	
S1-837237636	
S1-54608260	S2-483924425
S1-152880703	
S1-253596188	
S1-422987894	
S1-426968989	
S1-451802204	
S1-808786017	
S1-428276518	
S1-417869999	
S1-769104236	
S1-803979088	
S1-518935464	
S1-556306425	
S1-153302433	
S1-508257998	
S1-125814624	
S1-591296338	S2-234544501
S1-155784004	
S1-880532555	
S1-17500173	
S1-546988778	
S1-87696222	
S1-216635647	
S1-813951006	
S1-234484826	
S1-828458143	
S1-651918783	
S1-577290595	
S1-364833907	
S1-999077153	
S1-721516684	
S1-874413430	
S1-284400887	
S1-748556899	
S1-378296851	
S1-188558897	S2-233187817
S1-80946745	
S1-188197108	
S1-954782485	S2-929564836
S1-686485736	
S1-871440316	
S1-110053765	
S1-850850514	
S1-376215732	
S1-860761785	
S1-377252458	
S1-104095125	
S1-888216163	
S1-965932730	
S1-797378857	
S1-73198761	
S1-285474728	
S1-847386317	
S1-733388432	
S1-995176070	
S1-446019648	
S1-353651340	
S1-902934385	S3-924752215
S1-459713480	
S1-67338987	
S1-208539881	
S1-665543188	
S1-735497436	
S1-165449895	
S1-670519770	
S1-321091714	
S1-119143905	
S1-542135540	
S1-352902004	
S1-20148941	
S1-223069005	
S1-480194689	
S1-73221270	
S1-250806317	
S1-667521500	
S1-289489968	
S1-76854769	
S1-572823933	
S1-395206463	
S1-920484628	
S1-122683508	
S1-790233531	S3-339462165,S2-238035049
S1-252941212	S2-577606698
S1-876869203	
S1-936682723	S3-529816326
S1-219742872	
S1-812417151	
S1-707986547	
S1-518330556	
S1-87633032	
S1-38946542	
S1-901343373	
S1-878481247	
S1-965962263	
S1-706016178	
S1-291698305	
S1-315496792	
S1-697522716	
S1-999177705	
S1-856644238	
S1-319732695	
S1-834260996	
S1-588881552	
S1-94047781	
S1-887543297	
S1-924177330	
S1-341892682	
S1-863249858	
S1-825511869	
S1-837492848	
S1-2767766	
S1-847864042	
S1-640586585	
S1-44006310	
S1-452583289	
S1-214614648	
S1-630964111	S2-554825314
S1-226153486	
S1-428379148	
S1-68574209	S2-722499421
S1-690540259	
S1-170407422	
S1-352387652	
S1-707714773	
S1-274912777	
S1-175558321	
S1-632544327	
S1-78756147	
S1-444701476	
S1-355319025	
S1-424282279	
S1-927125009	S2-483924425
S1-634633052	
S1-160965946	
S1-231514204	S3-756718449,S2-305655759,S2-332502815,S3-276765752
S1-905372553	
S1-616934660	
S1-232803400	
S1-799696681	
S1-865110598	
S1-473917430	S3-486972883
S1-667529855	
S1-399228398	
S1-733998189	
S1-607234338	
S1-593619207	
S1-815248338	
S1-200802497	S2-284915422
S1-963975116	
S1-64682581	S2-814510348
S1-190658615	
S1-198713824	
S1-71906344	
S1-199664358	
S1-579551018	
S1-789530302	
S1-813723887	
S1-914858135	S3-476102601
S1-232543631	
S1-293168107	S2-563029267
S1-764002918	
S1-667560366	
S1-91365696	
S1-211439216	
S1-635589662	S2-238435111
S1-288399287	
S1-832307359	
S1-958409510	
S1-626293941	
S1-385432350	
S1-770129612	
S1-92542700	
S1-357822229	
S1-489230096	
S1-609219105	
S1-897285391	
S1-192282158	
S1-444389505	
S1-626931637	
S1-215850567	
S1-667446062	
S1-208282664	S3-457606831
S1-15288327	
S1-492411055	
S1-781312203	
S1-249819946	
S1-661404368	
S1-463009477	
S1-224174785	
S1-36554401	
S1-164430322	
S1-788408149	S2-383548109
S1-873544491	
S1-417183621	
S1-757333642	
S1-6848165	S2-75184461
S1-789639527	
S1-393079795	
S1-904027425	
S1-487463933	
S1-932354456	
S1-961544979	
S1-564822294	
S1-140525505	
S1-691606845	
S1-86775734	
S1-300037449	
S1-741544025	
S1-703603104	
S1-970610094	
S1-762148470	
S1-634436103	
S1-388725914	
S1-375912549	
S1-606477766	
S1-131317362	
S1-898926518	
S1-758985998	
S1-597573481	
S1-206920712	
S1-918668410	
S1-625152176	
S1-243299413	
S1-380744481	
S1-283244036	
S1-338915580	
S1-987533302	
S1-401408213	
S1-553158403	
S1-961504107	
S1-229468381	
S1-203834266	
S1-69132398	
S1-665257619	
S1-928457872	
S1-771775691	
S1-196494559	
S1-589040166	
S1-296041597	
S1-790294140	
S1-557031338	
S1-96151586	S2-110671755
S1-737910623	
S1-706744675	
S1-381376407	
S1-151991242	
S1-439538369	
S1-988309316	
S1-172377887	
S1-174868617	
S1-538059502	
S1-151579700	
S1-692952180	
S1-2739112	
S1-979849375	
S1-204642759	
S1-362004700	
S1-942878510	
S1-970583813	
S1-352801722	
S1-594165799	
S1-607218108	
S1-54382198	
S1-707980206	
S1-114192597	
S1-874866386	
S1-895183453	S3-73388607
S1-705308878	S2-456811897
S1-391706279	
S1-245990607	S3-920269096
S1-632160731	
S1-855112493	
S1-393558494	
S1-972463999	
S1-464288314	
S1-982774257	
S1-361905624	
S1-568751358	
S1-633353898	
S1-431173156	
S1-814584049	
S1-569183948	
S1-905605281	
S1-2478397	
S1-245850452	
S1-255294229	
S1-234856022	
S1-93336708	
S1-191143822	
S1-654356718	
S1-972141217	
S1-333964016	
S1-463038991	
S1-772410112	
S1-511929892	
S1-106004355	
S1-66294314	
S1-221640970	
S1-861079979	
S1-686429838	S3-843331648
S1-466118016	
S1-590444239	
S1-908674508	
S1-678209924	
S1-140459782	
S1-38370093	S3-503418662
S1-468725065	
S1-904743074	S3-122717923
S1-269156542	
S1-357467786	
S1-817025687	
S1-156415948	
S1-898947489	
S1-123377789	
S1-728762108	
S1-533986938	
S1-16762084	
S1-779325234	
S1-18164347	
S1-551243056	
S1-671485287	
S1-396442030	S2-418251239
S1-39397584	
S1-186438167	
S1-955501404	
S1-502236850	
S1-7254040	
S1-451690022	
S1-170507941	
S1-74286815	
S1-120794593	
S1-229208973	
S1-129621923	
S1-840340967	
S1-656126361	S2-318489886
S1-232928521	
S1-77105107	
S1-809596097	
S1-6643688	
S1-108180739	
S1-965720441	
S1-460448337	
S1-515412220	S2-793894201
S1-446302418	
S1-570538852	
S1-124795494	
S1-586113331	
S1-177098356	
S1-881750916	
S1-514176228	
S1-13591607	
S1-833216016	
S1-489261176	
S1-305480722	
S1-722449847	
S1-821949081	
S1-822600475	
S1-371117421	
S1-201546257	
S1-2892374	
S1-372998750	S3-631030773
S1-145935693	
S1-956059105	
S1-424190562	
S1-555189906	
S1-224741116	
S1-642055962	
S1-785858776	
S1-344558188	
S1-352841557	
S1-629830278	
S1-912679236	
S1-592583956	
S1-85437521	
S1-368454314	
S1-343495674	
S1-266303904	
S1-238090403	
S1-886543502	
S1-691652668	
S1-331795115	
S1-922744706	
S1-403999936	
S1-843198536	
S1-128715871	S3-904296902
S1-10975668	
S1-321319617	
S1-491140446	
S1-964965007	
S1-137412778	
S1-583016850	
S1-178115247	
S1-845078692	
S1-156119123	
S1-380577337	
S1-247217201	S2-925296077
S1-355099713	
S1-903323690	
S1-87057114	
S1-460852774	
S1-475878513	
S1-215047099	
S1-591974799	
S1-75346732	
S1-580039797	
S1-117380796	
S1-502850149	
S1-264012755	S3-349667639,S3-147437972
S1-439251665	
S1-282039299	
S1-251872920	
S1-33505115	
S1-638419819	
S1-150165705	
S1-360116429	
S1-445542579	
S1-990190401	
S1-855861571	
S1-357550093	
S1-257898769	
S1-155558893	
S1-881755642	
S1-926702062	
S1-77990937	
S1-214474053	S2-698940787
S1-661952611	
S1-498066829	
S1-166912919	
S1-136006605	
S1-866312205	
S1-201501481	
S1-207992076	
S1-594828448	
S1-586672974	
S1-493270811	
S1-546252831	
S1-312089743	
S1-909696490	
S1-179182238	
S1-193631793	
S1-600862022	
S1-850233360	
S1-912046007	
S1-664855999	
S1-62056245	
S1-638224557	S2-570016271
S1-469980964	
S1-671947402	
S1-198870221	
S1-620987625	
S1-54927062	S2-755920693
S1-755341805	
S1-21192247	
S1-633604844	
S1-738054279	
S1-487444906	
S1-669333067	
S1-811642131	
S1-875819053	
S1-376331820	
S1-801976555	
S1-663002859	
S1-904753258	
S1-509774479	
S1-771105217	
S1-608908982	
S1-422345292	
S1-117978123	
S1-472701136	
S1-508059809	
S1-508181869	
S1-865823882	
S1-334568011	
S1-733494952	
S1-486390312	
S1-584658342	
S1-607184952	
S1-776456653	
S1-721795198	
S1-77527859	
S1-143221272	
S1-312132933	
S1-365087137	
S1-481134425	
S1-966859070	
S1-387067206	
S1-709575092	
S1-610100319	
S1-488820632	
S1-637283338	
S1-185668427	
S1-657625358	
S1-750356362	S3-742821758
S1-179750031	S2-432535481
S1-279896898	
S1-476931421	
S1-11954295	
S1-338436212	
S1-549386710	S3-437137168
S1-201532654	
S1-101552954	
S1-614831860	
S1-915153555	
S1-437338078	S3-112501353
S1-117351182	
S1-294495849	
S1-797508142	
S1-578510440	
S1-166121071	
S1-390572074	
S1-722098193	
S1-327900283	
S1-854648425	
S1-358949490	
S1-931741220	
S1-264687306	
S1-288404195	
S1-621344323	
S1-890862797	
S1-204689609	
S1-712467119	
S1-556316777	
S1-522721205	
S1-568166761	
S1-906823379	S3-28573528
S1-424548013	
S1-463611920	
S1-732062339	
S1-646407863	
S1-62227479	
S1-218980748	
S1-451333703	
S1-847100469	
S1-961087182	
S1-811265551	
S1-636439045	
S1-781541803	
S1-152684777	
S1-315560212	
S1-576508116	
S1-564925333	S3-31712499
S1-480546621	
S1-114335314	
S1-970150512	
S1-123692564	
S1-193844640	
S1-237407849	
S1-525625681	
S1-507233573	
S1-978468826	S2-171249907
S1-84081229	
S1-141824305	
S1-138753576	
S1-689322456	
S1-380708567	S2-885706585
S1-494871906	
S1-500816466	
S1-900488752	
S1-304823029	
S1-971914338	
S1-464293252	
S1-71496673	
S1-952255794	
S1-200222299	
S1-332891009	
S1-614147974	
S1-560676485	
S1-140814302	
S1-910396236	
S1-827263207	
S1-399440408	
S1-872762417	
S1-649940434	
S1-521230032	
S1-355197164	
S1-606901907	
S1-898834319	
S1-239649836	
S1-915044175	
S1-834400942	
S1-556718419	
S1-84431433	
S1-907596568	
S1-25940598	
S1-868050875	
S1-286194835	
S1-945324934	
S1-18199093	S3-361344366
S1-733857535	
S1-941947183	
S1-577141470	
S1-674218744	
S1-967941868	
S1-279992338	
S1-798561614	
S1-861356470	
S1-730927067	
S1-986814186	
S1-89862684	
S1-446876832	
S1-282603450	
S1-559357453	
S1-493165862	
S1-337066477	
S1-653054616	
S1-466693151	
S1-129285089	
S1-710631737	
S1-892228380	
S1-939367320	S3-915471910
S1-285229301	
S1-153479781	
S1-259617229	
S1-223334720	
S1-411675064	
S1-474156536	
S1-200746035	
S1-91116104	
S1-779009451	
S1-447112115	
S1-469302040	
S1-974797194	S3-542511654
S1-599581805	
S1-422673657	
S1-686424365	
S1-768312401	
S1-93417390	
S1-926412270	
S1-479433982	
S1-834172290	
S1-769685829	
S1-580863082	
S1-821928730	
S1-576126767	
S1-632997469	
S1-738263239	
S1-241407642	
S1-738550368	
S1-947996029	
S1-666054516	
S1-802563932	
S1-572751615	S3-990375378
S1-802240914	
S1-316245920	
S1-264983511	
S1-20243440	
S1-294653747	
S1-656271256	
S1-821396965	
S1-976233553	
S1-495705059	
S1-985789787	
S1-231098592	
S1-545149494	
S1-476277382	
S1-317187697	
S1-622119080	
S1-535372413	
S1-534662394	
S1-231580918	
S1-1857696	
S1-16506972	
S1-494796975	
S1-470093466	
S1-400859883	S2-351092410
S1-100890570	
S1-79176784	
S1-489405027	
S1-588023514	
S1-97978733	
S1-949861039	
S1-735108249	
S1-610763917	
S1-20795257	
S1-656343951	
S1-510043013	
S1-360122200	
S1-16808384	
S1-830487893	S3-123803952
S1-972270637	
S1-581143260	
S1-362808528	
S1-220423875	
S1-570495473	
S1-653303292	
S1-485083426	
S1-548566091	
S1-687985084	
S1-148610144	S2-724148097
S1-743575203	
S1-650494503	
S1-305903330	
S1-597264754	
S1-744769423	
S1-178616666	
S1-444364235	
S1-333138080	
S1-123352304	
S1-899779441	S2-537914595
S1-296361513	
S1-154888602	
S1-606280448	
S1-316617146	
S1-942129211	
S1-215681922	
S1-441359258	
S1-446562202	
S1-811041445	
S1-490173576	
S1-76329256	
S1-5205495	
S1-465722406	
S1-718430156	
S1-993989675	
S1-153474086	
S1-748727321	
S1-881104651	
S1-360657229	
S1-758319145	
S1-518019655	
S1-542406281	
S1-122428357	
S1-908438344	
S1-839555441	
S1-181931248	
S1-701902476	
S1-513786021	
S1-538439477	
S1-879676644	
S1-716456087	
S1-604798761	
S1-772430202	
S1-383337104	S2-358535637
S1-321694613	
S1-199557644	
S1-737345846	S2-579241573
S1-324514326	
S1-800570894	
S1-837005173	
S1-857792060	
S1-984644389	
S1-183945311	
S1-306853250	
S1-505948919	
S1-968353007	
S1-960604549	
S1-991718167	
S1-599687742	
S1-361181566	
S1-698875869	S3-737316596
S1-222391064	
S1-433377032	
S1-89885655	
S1-932646383	
S1-262088439	
S1-337052989	
S1-836641953	
S1-436759097	
S1-37532113	
S1-912026239	
S1-228070957	
S1-709999543	
S1-996451029	
S1-637656010	
S1-876549850	
S1-777557393	
S1-889211182	
S1-706922311	
S1-190197983	
S1-505860239	
S1-640416365	
S1-187540060	
S1-786262315	
S1-487854484	
S1-232457765	
S1-788983509	
S1-883929020	S3-343991318,S2-942737286
S1-711946095	
S1-511046066	
S1-96875381	
S1-189270635	
S1-771496456	
S1-947562799	
S1-662441264	
S1-265691104	
S1-358488311	
S1-61107961	
S1-597088750	S2-679806872
S1-467172359	
S1-775165968	
S1-724256000	S3-716031951
S1-291391217	
S1-18010215	
S1-356521991	
S1-552332109	
S1-71373255	
S1-501322322	
S1-799032163	
S1-120390528	
S1-112435043	
S1-526563535	
S1-343340691	
S1-946354114	
S1-738853631	
S1-921056151	
S1-639033648	
S1-320931920	
S1-4091358	
S1-132149481	
S1-533388290	
S1-382008636	
S1-825869138	
S1-845750408	
S1-205390655	
S1-290399640	
S1-750108132	
S1-736893768	
S1-860390838	
S1-644357147	
S1-267971678	
S1-298661068	
S1-184576078	
S1-274043942	
S1-149584591	
S1-182770109	
S1-367850907	
S1-121917606	
S1-828995618	
S1-846794436	
S1-317314757	
S1-543502342	
S1-743239515	
S1-93600493	
S1-263755025	
S1-890256707	
S1-133765951	
S1-102621301	
S1-99128492	
S1-555004284	
S1-885108247	
S1-233183939	
S1-510216038	
S1-657559419	S3-2241678
S1-489768125	
S1-840292371	
S1-615164033	
S1-500062558	
S1-588850887	
S1-324014551	
S1-221149800	
S1-711518191	
S1-551172345	
S1-456543785	
S1-419068532	S2-468104319
S1-680661449	
S1-756560627	
S1-659633333	
S1-846393222	
S1-840032458	
S1-445106352	
S1-133400433	
S1-382497041	
S1-162706042	
S1-127691486	
S1-686543623	
S1-110266328	
S1-138548510	
S1-228674011	
S1-112414176	
S1-773647726	
S1-822889074	S2-740166711
S1-285412530	
S1-865799874	
S1-193161363	
S1-956021277	
S1-62599020	S3-388741529
S1-59246311	
S1-233817243	
S1-293372890	
S1-334834259	
S1-670232519	
S1-880653131	
S1-845573325	
S1-895765412	
S1-957151635	
S1-845527365	
S1-184547695	
S1-934118481	
S1-889655717	
S1-778550093	
S1-143333037	
S1-645291834	
S1-22738448	
S1-127749581	
S1-493907434	
S1-189162819	
S1-919895748	
S1-162040484	
S1-701129081	
S1-136628163	
S1-209933876	
S1-708756987	
S1-468609226	
S1-531015362	
S1-438453523	
S1-909434482	
S1-950474376	
S1-436847247	
S1-936790337	
S1-219203119	
S1-174360689	
S1-200403278	
S1-108472013	
S1-983917797	
S1-848794578	
S1-736387318	
S1-120258176	
S1-471297416	
S1-418363329	
S1-360863130	
S1-805218600	
S1-908243722	
S1-907251028	
S1-524122609	
S1-626465993	
S1-683847804	S3-438104330
S1-989715937	
S1-676379239	
S1-335145469	
S1-524410248	
S1-632797146	
S1-662088485	
S1-617268529	
S1-564415138	
S1-225643248	
S1-455983513	
S1-488192901	
S1-970168511	
S1-493644433	S3-725298870
S1-544516375	
S1-879019064	
S1-371639446	
S1-339475409	
S1-227808406	
S1-541733950	
S1-230756218	
S1-699771168	
S1-229498332	
S1-26250030	
S1-108210159	
S1-942161984	
S1-42516364	
S1-134675239	
S1-311974582	S3-194896573
S1-629786650	S2-724185261
S1-398861958	
S1-46790113	
S1-463421369	
S1-134292425	
S1-333622924	
S1-986422334	
S1-385729527	
S1-261270918	
S1-586063606	
S1-935890272	
S1-49547224	
S1-262741336	
S1-596263802	
S1-791760382	
S1-867929382	S2-450919206
S1-772132068	
S1-670111096	
S1-772744033	
S1-707458847	
S1-928782387	
S1-657055600	
S1-993868309	
S1-392640724	
S1-371769236	
S1-682486452	S3-849362873
S1-297825681	
S1-577612777	
S1-387818456	
S1-152685229	
S1-517754656	
S1-139201174	
S1-263152047	
S1-346845582	
S1-229674810	
S1-970112691	
S1-478410886	
S1-896492259	
S1-337337342	
S1-189217849	
S1-548200569	
S1-43269153	
S1-562472471	
S1-41303093	
S1-564248690	
S1-866449956	
S1-523434598	
S1-431327631	
S1-13244883	
S1-61305176	
S1-896925327	
S1-857668152	
S1-530522630	S3-760988153
S1-953921933	S2-848324060
S1-72574900	
S1-834586484	
S1-658080509	
S1-770974493	
S1-905395225	
S1-387668760	
S1-165389796	
S1-848736105	
S1-295656603	
S1-796701814	
S1-904294780	
S1-86299014	
S1-919936045	
S1-899935146	
S1-579374402	
S1-192831229	
S1-952401097	
S1-698637806	
S1-549559247	
S1-60855090	
S1-985392266	
S1-948219563	
S1-726670809	
S1-528321882	S2-314697926
S1-282959876	
S1-112964972	
S1-220767621	
S1-441533422	
S1-391552079	
S1-258752405	
S1-855023867	
S1-228257142	
S1-966715214	
S1-928224488	
S1-156544996	
S1-103301540	
S1-416767111	
S1-64415100	
S1-214279410	
S1-126681478	
S1-735675676	
S1-433806452	
S1-1904091	
S1-553748368	
S1-777738409	
S1-365170694	
S1-64628039	
S1-414106618	
S1-290553299	
S1-69137979	
S1-945279119	
S1-178021732	
S1-383475985	
S1-703944979	
S1-328560400	
S1-60601733	S2-667444177
S1-680333275	S2-94093705
S1-849836372	
S1-368668371	
S1-179783738	
S1-670758854	
S1-807921252	S2-457491839
S1-489403320	
S1-983672569	
S1-309536194	
S1-213727913	S3-922176475,S2-525709422
S1-917323231	
S1-640297662	
S1-429718474	
S1-589912843	
S1-232896468	
S1-508819557	
S1-391334347	
S1-590007401	
S1-267136697	
S1-93170894	
S1-947649355	
S1-113192893	
S1-980832933	
S1-182856093	
S1-807044777	
S1-59359734	
S1-828806493	
S1-915743242	
S1-915082161	
S1-107226156	
S1-147801919	
S1-368026806	
S1-645616101	
S1-949718266	
S1-930362240	S3-723526392
S1-361436217	
S1-526659287	
S1-991339859	
S1-403037900	
S1-881377645	
S1-882472187	
S1-360856747	
S1-67795933	
S1-628936643	
S1-418062306	
S1-924885317	
S1-241047921	
S1-468431479	
S1-826715189	
S1-388585835	
S1-375001830	
S1-92417857	
S1-158798034	
S1-117625333	
S1-552221084	
S1-244488674	
S1-773759380	
S1-950894369	
S1-237494636	
S1-719726449	
S1-860690078	
S1-564745313	
S1-129267674	
S1-875711673	
S1-562577937	
S1-653241775	
S1-783766293	
S1-700436911	
S1-823613602	
S1-284079442	
S1-45495839	
S1-298513902	
S1-259800962	
S1-209653672	
S1-572070268	
S1-136603316	
S1-563728068	
S1-37462177	
S1-124103213	
S1-890513940	
S1-455069354	S2-453437490
S1-121701043	S2-777874971
S1-547777633	
S1-101456088	
S1-216802204	
S1-575853280	
S1-382910307	
S1-76647242	
S1-596674681	
S1-525830448	
S1-408389245	
S1-637482056	
S1-549425189	
S1-929100993	
S1-692339359	
S1-848155502	
S1-607134420	
S1-735194258	
S1-426958283	
S1-635536714	
S1-481432293	
S1-370749424	
S1-969389492	
S1-263357073	
S1-657003383	
S1-802567064	S2-541567884
S1-384781243	
S1-816002814	
S1-982080897	
S1-607069563	
S1-136269041	
S1-51721680	
S1-255411024	
S1-625206089	
S1-455398281	S2-484194277
S1-553684748	
S1-655356323	
S1-678087980	
S1-741693933	
S1-205931135	
S1-582873346	
S1-598753770	
S1-800931922	
S1-702140421	
S1-292450704	
S1-278025126	
S1-168874010	
S1-956076571	
S1-497328918	
S1-544508237	
S1-714453671	
S1-358162385	
S1-612036333	
S1-860386739	
S1-766030642	
S1-193614523	
S1-659223449	
S1-683674451	
S1-391823634	
S1-836741125	
S1-292348812	
S1-838370740	S2-21217051
S1-355889198	
S1-300288064	
S1-836398051	
S1-389689256	
S1-514811979	
S1-276319742	
S1-91564993	
S1-294219886	
S1-23968839	
S1-140045468	
S1-165538374	
S1-301390229	
S1-188065538	
S1-31491278	
S1-828509111	
S1-516240837	
S1-367019102	
S1-893439905	
S1-709120519	
S1-110751060	
S1-619788140	
S1-84057476	
S1-822391266	
S1-514774448	S2-773021414
S1-169430650	
S1-837713157	
S1-501582595	
S1-161611110	
S1-837463717	
S1-241301296	
S1-483118963	
S1-727777641	
S1-299653919	
S1-867197415	
S1-573163149	
S1-982788601	
S1-859516475	
S1-22006675	S2-389617792,S2-439247347
S1-799855278	
S1-326952670	
S1-833640687	
S1-515525200	
S1-339744107	
S1-856893784	
S1-430532232	
S1-866843000	
S1-160786115	
S1-384884401	
S1-83524101	
S1-564141115	
S1-434164335	
S1-730809240	
S1-117426480	
S1-604699678	
S1-708340619	
S1-633160343	
S1-36358610	
S1-530781384	
S1-735655238	
S1-632565917	
S1-621409700	
S1-756535578	
S1-680093318	
S1-960674069	
S1-881067414	
S1-627867364	
S1-839508801	
S1-216103528	
S1-751045582	
S1-223239467	
S1-403188308	
S1-267621959	
S1-744025107	
S1-827155723	
S1-22248550	
S1-286168692	
S1-637297654	
S1-373232710	
S1-957048299	
S1-349623925	
S1-710477005	
S1-893513051	
S1-339156616	
S1-906839698	S2-744472813
S1-803683484	
S1-147386424	
S1-750437703	
S1-430967476	
S1-37948781	S2-74054369
S1-729353688	
S1-49138643	
S1-408662744	
S1-957474096	
S1-516418050	
S1-420510149	
S1-412850773	
S1-995462404	
S1-366209980	S2-479145789
S1-825809812	
S1-104319994	
S1-812427174	
S1-816067673	
S1-963960824	
S1-220377273	
S1-674659248	
S1-567389021	
S1-588719815	S3-148207103
S1-52260149	
S1-367357443	
S1-823016001	
S1-903060951	
S1-879476023	
S1-187921754	
S1-644685692	
S1-774961024	S2-252257865
S1-443745871	
S1-180103758	S3-839046873,S2-93163734,S3-55208975,S2-406899387
S1-850979705	
S1-417910571	
S1-870126022	
S1-393271555	S2-495681376
S1-819504238	S2-430143360
S1-113161939	
S1-260543840	
S1-724344686	
S1-270122937	
S1-935332782	
S1-639320064	
S1-903603822	
S1-465553184	
S1-730328710	
S1-696173522	
S1-644982234	
S1-379980446	
S1-544580024	
S1-897476077	
S1-146873181	
S1-312896815	
S1-577708194	
S1-686313416	
S1-454211231	
S1-530897753	
S1-738498681	
S1-174283340	
S1-389689395	
S1-137605526	
S1-858673058	
S1-923292473	
S1-241024204	
S1-715315848	
S1-877054712	
S1-664346742	
S1-304813838	
S1-832994602	
S1-398185779	
S1-509747766	
S1-996186001	
S1-181311992	
S1-180333020	
S1-422270905	
S1-318386134	
S1-710692866	
S1-577281047	
S1-186572814	
S1-220874860	
S1-929730855	
S1-561292282	
S1-280606149	S3-352205863
S1-120461761	
S1-176634252	
S1-164395217	
S1-976895777	
S1-665109296	
S1-952880573	S2-689334117
S1-121200615	
S1-593258912	
S1-924101613	
S1-28537484	
S1-831151938	
S1-492195995	
S1-64415282	
S1-686717030	
S1-821831134	
S1-835164792	
S1-472288360	
S1-681733799	
S1-214359014	
S1-848195394	
S1-186226558	
S1-879265643	
S1-866583002	
S1-559906152	
S1-751965373	
S1-304509476	
S1-987322211	
S1-923030159	
S1-640003705	
S1-501092524	
S1-709682198	
S1-935624363	
S1-634178837	
S1-65088746	
S1-266732148	
S1-382612679	
S1-241024770	
S1-378256705	
S1-961689490	
S1-653586719	
S1-723579165	
S1-146871193	
S1-674350949	
S1-657214696	
S1-447637641	
S1-789507879	
S1-157713041	
S1-373954863	
S1-632525402	
S1-607204943	
S1-589216108	
S1-639874869	
S1-175707501	
S1-396362852	
S1-984320729	
S1-535737682	
S1-916637469	
S1-512079799	
S1-810223372	
S1-347523867	
S1-76918208	
S1-908577016	
S1-224038467	
S1-820173025	
S1-828025534	
S1-367043513	
S1-623201689	
S1-691432055	
S1-506567011	
S1-253769152	
S1-265712066	
S1-575135962	
S1-741536724	
S1-847695437	
S1-115803850	
S1-230089081	
S1-441734006	S2-398820699,S3-640737815
S1-799477126	
S1-715717876	
S1-778614127	
S1-497691648	
S1-497495897	
S1-582144949	S2-177742569
S1-756088003	
S1-353977070	
S1-623153619	
S1-814415756	
S1-457668124	
S1-561581809	
S1-486939293	
S1-754918881	
S1-815717094	
S1-826304216	
S1-733701692	
S1-526149051	
S1-891834324	
S1-863200196	
S1-189338477	
S1-389049224	
S1-620611391	
S1-743078687	
S1-268641167	
S1-947312446	
S1-863406563	
S1-965300610	
S1-985838618	
S1-394244889	
S1-820466238	
S1-438633875	
S1-381064622	
S1-698621674	
S1-214171489	
S1-882219457	
S1-972182433	
S1-824647932	
S1-584376365	
S1-391373411	
S1-802636350	
S1-994445430	
S1-630190658	
S1-812403884	
S1-242928590	
S1-372520498	
S1-144353685	
S1-111105625	
S1-486406573	
S1-581637180	S2-936816265
S1-434015222	
S1-728577274	
S1-544682554	S3-920593107
S1-67286775	
S1-462031928	
S1-277107136	
S1-140658562	
S1-785685317	
S1-647182067	
S1-309328937	
S1-623543233	
S1-332313547	
S1-289351406	
S1-31518783	
S1-572727162	
S1-12789179	
S1-785769334	
S1-675093565	
S1-634271431	
S1-201966590	
S1-404555441	
S1-437783405	
S1-391855476	
S1-406862535	
S1-279421410	
S1-865030271	
S1-306082578	
S1-294172246	
S1-824602701	
S1-758234649	
S1-22807797	
S1-440791167	
S1-298935045	
S1-813496556	
S1-775469123	
S1-60392570	
S1-381541322	
S1-507022359	S2-286324744
S1-904217247	
S1-112320743	
S1-459732218	
S1-608316647	
S1-956884103	
S1-472910340	
S1-453078598	
S1-740623078	
S1-906619699	
S1-422885755	
S1-227911580	S2-105255255
S1-233701587	
S1-820423494	
S1-188039520	
S1-216937547	
S1-932281017	
S1-53514140	
S1-162030469	S3-695879821
S1-441402633	
S1-689690228	
S1-197230613	
S1-554462522	
S1-880340718	
S1-665987174	
S1-600798819	
S1-85086629	
S1-509502308	
S1-123334271	
S1-819747265	
S1-828374330	
S1-117314649	
S1-440941562	
S1-239963671	
S1-59493693	
S1-570819292	
S1-114726556	
S1-344052488	
S1-703188265	
S1-203502140	
S1-179891459	
S1-809868147	
S1-310846767	
S1-329783255	
S1-119953144	
S1-687737392	
S1-979531688	
S1-534968359	
S1-362320336	
S1-83687386	
S1-664670	
S1-655727982	
S1-634469834	
S1-475434066	
S1-582553270	
S1-980930704	
S1-378464991	
S1-583496039	
S1-73107503	
S1-158326060	
S1-410793119	
S1-310675275	
S1-602016975	
S1-617940846	
S1-526261052	S2-77327999
S1-492905282	
S1-661193070	
S1-616001794	S3-634272510
S1-680221381	
S1-89763220	
S1-851362036	
S1-737806525	
S1-928634823	
S1-945708684	
S1-416837639	
S1-122894022	
S1-782541338	
S1-105141826	
S1-869353508	
S1-923126202	
S1-477161845	
S1-865152224	
S1-992471658	
S1-426234964	
S1-790190270	
S1-309793802	
S1-390706532	
S1-25661869	
S1-21435868	S2-157418409
S1-52953250	
S1-24134694	
S1-989470593	
S1-790806929	
S1-310200901	
S1-934011513	
S1-495901530	
S1-994136388	
S1-473142902	
S1-289696165	
S1-293297910	
S1-440261591	
S1-239541173	
S1-194326366	
S1-928708912	
S1-912214141	
S1-978229054	
S1-642122433	
S1-920595899	
S1-548985121	
S1-822337930	
S1-46778567	
S1-557809043	
S1-865155494	
S1-882138723	
S1-935537488	
S1-662923188	
S1-459512629	
S1-220084187	
S1-162083780	
S1-602551109	
S1-827464151	
S1-291210259	S3-39149748
S1-717596981	
S1-28486076	
S1-138116529	
S1-575441014	
S1-843187402	
S1-655410597	
S1-762924395	
S1-879257667	
S1-769217380	
S1-676195419	
S1-578935756	
S1-168953289	
S1-487712842	
S1-99794818	
S1-758455372	
S1-578054485	
S1-709901596	
S1-46007068	
S1-295911037	
S1-793395890	
S1-80496253	
S1-15532877	
S1-746482729	
S1-806139374	
S1-854573253	S2-140627043
S1-581260217	
S1-345659525	
S1-155143829	
S1-264311156	
S1-864988151	
S1-64129544	
S1-2736730	
S1-23830801	
S1-690215007	
S1-108711395	
S1-741448795	
S1-897378887	
S1-839999397	
S1-310655778	
S1-488877643	
S1-272656692	
S1-247378786	
S1-161079216	
S1-901483777	S3-304559880
S1-785342981	
S1-163943594	
S1-705684458	
S1-253185467	
S1-823532571	
S1-853801722	
S1-67481893	
S1-470115477	
S1-947042164	
S1-705084092	
S1-825560133	
S1-333382832	
S1-169968350	
S1-14237017	
S1-55045606	
S1-148870306	
S1-351377382	
S1-455787857	
S1-787306725	S3-159782115
S1-746195314	
S1-730534216	
S1-403354254	S2-221989645
S1-841272320	
S1-917337131	
S1-55671913	
S1-677334243	
S1-809513822	
S1-976716726	
S1-585852019	
S1-236982428	
S1-933700343	
S1-746756647	
S1-688232629	
S1-292297429	
S1-658982492	
S1-525052056	
S1-458169408	
S1-575712658	
S1-327121051	
S1-784340481	
S1-174246162	
S1-204067759	
S1-690639506	
S1-239948876	
S1-458390524	
S1-3731906	
S1-223031649	S2-479343238
S1-903325985	
S1-965213144	
S1-107700816	
S1-190509491	
S1-283677990	
S1-59500687	
S1-980275537	
S1-631560654	
S1-612822936	
S1-640028970	
S1-862616433	
S1-341598216	
S1-529289564	
S1-108658054	
S1-661002730	
S1-848260354	
S1-503230769	
S1-584150830	S3-663207323
S1-775079724	
S1-626004587	
S1-315983194	
S1-62322346	
S1-67632431	
S1-199528576	
S1-421731428	
S1-377790669	
S1-217385287	
S1-228083872	
S1-449016089	
S1-22237213	
S1-758987217	
S1-26453859	
S1-784377770	
S1-439410194	
S1-825295986	
S1-858497163	
S1-554617168	
S1-494290604	
S1-56878464	
S1-741609406	
S1-937032824	
S1-64093111	
S1-958502657	
S1-760070071	
S1-511438674	
S1-759711264	
S1-680120667	
S1-361291888	S3-173761323
S1-842348283	
S1-55407665	
S1-776734676	
S1-248278397	
S1-12298443	
S1-271624592	
S1-723354250	
S1-8897139	
S1-257330519	
S1-818002187	
S1-602233242	
S1-223067442	
S1-44791924	S2-138136055
S1-757249286	
S1-250788369	
S1-978198308	
S1-994042249	
S1-246088400	S3-241461207
S1-590577314	
S1-583349812	
S1-748287909	
S1-93380866	
S1-930190669	
S1-587775020	
S1-260964051	
S1-260329931	
S1-241469253	
S1-314890346	S2-924841860
S1-292125175	
S1-515917571	
S1-221953862	
S1-141649790	
S1-669411030	
S1-111325682	
S1-591196187	
S1-564718485	
S1-893193342	
S1-230128529	
S1-676124281	
S1-425671252	
S1-453173325	
S1-630729913	
S1-594288212	S2-429565151
S1-280170031	
S1-364063154	
S1-302842665	
S1-301478220	
S1-500644788	
S1-63541096	
S1-860203208	
S1-334161336	
S1-57327266	S2-268587503
S1-178656383	S2-145778316,S2-649753305
S1-525629204	
S1-389919932	
S1-254153840	
S1-26315290	
S1-110609245	
S1-69300292	
S1-974649365	
S1-265049553	
S1-205698232	
S1-246498803	
S1-859157719	
S1-786140031	
S1-784696574	
S1-322153795	
S1-743099240	
S1-500758010	
S1-576276292	
S1-42911292	
S1-447901787	
S1-440347479	
S1-292546315	
S1-430456720	
S1-354043512	
S1-229255806	
S1-579108815	
S1-388068613	
S1-185954204	
S1-227753705	
S1-509712777	
S1-480870439	S2-207411336
S1-163712673	
S1-455106321	
S1-435908311	
S1-283439921	
S1-529148939	
S1-119595900	
S1-790303973	
S1-228562810	
S1-797388496	
S1-983876538	
S1-776046402	
S1-689889812	
S1-961670028	
S1-595594787	
S1-31104344	S2-220414717
S1-777987538	
S1-295986366	
S1-416690568	
S1-485597275	
S1-573547648	
S1-192713846	
S1-677213770	
S1-73714194	
S1-650451914	
S1-35205991	
S1-1482547	
S1-201920282	
S1-383237462	S3-795710470
S1-439614301	
S1-936751831	
S1-815629438	
S1-459589871	
S1-313714737	
S1-244145207	
S1-647066670	
S1-250519731	
S1-386436312	
S1-94999424	
S1-3120977	
S1-258816351	
S1-620597265	
S1-688716225	
S1-85049287	
S1-332509632	
S1-107580202	
S1-739652700	
S1-650253417	
S1-332197689	
S1-841623536	
S1-780134792	
S1-423150868	
S1-673981061	
S1-864377216	
S1-159786646	
S1-141804047	
S1-628398104	
S1-346930374	
S1-557021329	
S1-873180601	
S1-63335822	
S1-939049762	
S1-825635818	
S1-728947616	S3-371633691
S1-117410925	
S1-521742020	
S1-73611749	
S1-777134035	
S1-247817592	
S1-281395345	
S1-929834710	
S1-809811376	
S1-578757283	
S1-783653936	
S1-907431467	
S1-654244204	
S1-443784778	
S1-458911479	
S1-511743670	
S1-210041217	
S1-711386914	
S1-153197696	
S1-196306184	S2-233187817
S1-975430022	
S1-382180731	
S1-653205418	
S1-736507676	
S1-629421575	
S1-702600033	
S1-832988136	
S1-543819691	
S1-282001450	
S1-914919898	
S1-46172148	S2-116428937
S1-808420527	
S1-222389078	
S1-267827028	
S1-656516208	
S1-211977702	
S1-477924681	
S1-136671630	
S1-19930721	
S1-238007575	
S1-991584311	
S1-917275606	
S1-108726587	
S1-885391055	
S1-356310956	
S1-234128410	
S1-517050634	S2-227341603
S1-536723731	
S1-726840405	
S1-453386448	
S1-378548933	
S1-348590394	
S1-57738038	
S1-544635945	
S1-500550850	
S1-901914532	
S1-402876579	
S1-338998536	
S1-710906288	
S1-261393939	
S1-632494396	
S1-947666392	
S1-339597546	
S1-618933365	
S1-790874695	
S1-238849871	
S1-730068383	
S1-306924626	
S1-219298161	
S1-338114072	
S1-831329665	
S1-380863102	
S1-439753688	
S1-928186068	
S1-772695957	
S1-92741259	
S1-652569497	
S1-237395774	
S1-525195138	
S1-917206047	
S1-33505990	
S1-623360957	
S1-784555760	
S1-917377567	
S1-214292758	
S1-290454267	
S1-356595137	
S1-361854294	
S1-926866103	
S1-157918762	
S1-668517048	
S1-398904858	
S1-971395826	
S1-70653215	S3-932006337
S1-756668833	
S1-177448403	
S1-559203099	
S1-242841609	
S1-474722127	
S1-148740643	
S1-914592539	
S1-882979406	
S1-727784701	
S1-515785565	
S1-217917300	
S1-402672266	
S1-652248578	
S1-630458040	S2-929627457
S1-88969273	
S1-492433993	
S1-551062458	
S1-754468730	
S1-216319160	
S1-884060880	
S1-875488231	
S1-236799385	
S1-442797503	
S1-311762153	
S1-603204098	
S1-902060617	
S1-85761788	
S1-406660175	
S1-581765389	
S1-78658879	
S1-239711816	
S1-873697219	
S1-581782911	
S1-647365945	
S1-135962093	
S1-659038475	
S1-35324540	
S1-91882189	
S1-223003925	
S1-820304829	
S1-706993879	
S1-578647918	
S1-438746215	
S1-938139463	
S1-657433741	
S1-580641814	
S1-931059814	
S1-372073902	
S1-798531533	
S1-728170479	
S1-44234929	
S1-491289543	
S1-702114351	
S1-75278648	S3-955339237
S1-33379078	
S1-496446463	S2-481747462,S3-1607161
S1-363243695	
S1-390879681	
S1-401128959	
S1-834221096	
S1-205535516	
S1-317179061	
S1-90170376	
S1-765334931	
S1-516056147	
S1-30334937	S2-97049573
S1-633098133	
S1-636134289	
S1-324018305	
S1-296251918	
S1-442667234	
S1-331434142	
S1-781643383	
S1-417533118	
S1-669518204	
S1-338586339	
S1-657806406	
S1-765527885	
S1-705407391	
S1-111032873	
S1-679800885	
S1-266838212	
S1-332405657	
S1-877572219	
S1-289898713	
S1-645308168	
S1-52482011	
S1-523753119	
S1-305697628	
S1-599626040	
S1-682567858	
S1-785059769	
S1-93070303	
S1-863478109	
S1-303300856	
S1-112425842	
S1-30755491	
S1-30188604	
S1-80278905	
S1-159163337	
S1-468829774	
S1-990921647	S2-615962821
S1-751817714	
S1-36844168	
S1-684399740	
S1-526603935	
S1-593014088	
S1-397656717	
S1-944261065	
S1-316835708	
S1-130386691	
S1-752641123	
S1-441809601	
S1-217920198	
S1-933647387	
S1-341424435	S3-31712499
S1-789292432	
S1-451031254	
S1-268016092	
S1-812472463	S2-457686128
S1-914447469	S3-529816326
S1-287916062	
S1-92288950	
S1-339847810	
S1-188161516	
S1-653036523	
S1-230621808	
S1-176002360	
S1-83492123	
S1-900715253	
S1-322313033	
S1-494229509	
S1-316080083	
S1-755105847	
S1-307434732	
S1-407032655	
S1-793266984	
S1-472354933	
S1-53387088	S2-129327799
S1-624038096	
S1-106063471	
S1-56948693	
S1-749945296	
S1-718754856	
S1-406393469	
S1-623362233	
S1-66936575	
S1-945052793	
S1-269873123	
S1-312813738	
S1-586756979	
S1-323001640	
S1-949907648	
S1-186005147	
S1-201166236	
S1-914660612	
S1-314763107	
S1-194261527	S2-683032037
S1-437489633	
S1-100356094	
S1-869124210	
S1-337447397	S2-499601953
S1-365916643	
S1-335397499	
S1-766502256	
S1-123642751	
S1-641626416	
S1-534323262	
S1-214990696	
S1-431663143	
S1-619711214	S3-122717923
S1-56651781	
S1-239786119	
S1-858303282	
S1-947544330	
S1-296403326	
S1-726354396	
S1-207025767	S3-820939389
S1-456657528	
S1-220565795	
S1-477985441	
S1-639749898	
S1-490927276	
S1-812747384	
S1-124904830	
S1-806565270	
S1-380936871	
S1-27891905	
S1-572266942	
S1-628531067	S2-672461075
S1-176518623	
S1-798460888	
S1-220653586	
S1-138806613	
S1-345593821	
S1-78040810	
S1-206349379	
S1-840262326	
S1-18547647	
S1-379361024	
S1-111368871	
S1-760907662	
S1-196594477	
S1-662356817	
S1-84657236	
S1-213450336	
S1-163596862	
S1-72901114	
S1-247239773	
S1-958150648	
S1-388924565	
S1-462845903	
S1-889939134	
S1-517018791	
S1-524830267	
S1-758288787	
S1-814724159	
S1-709225471	
S1-91265584	
S1-533558779	
S1-289690946	
S1-102830544	
S1-259707307	
S1-191876562	
S1-122409154	
S1-724444295	
S1-889086201	
S1-878927214	
S1-874795138	
S1-515113536	
S1-203007281	
S1-978184076	
S1-946078506	
S1-417113846	
S1-264462342	
S1-400486717	
S1-123722945	
S1-569450492	
S1-779498080	
S1-352051794	S2-925111505
S1-127880395	
S1-717331046	
S1-475044155	
S1-124502057	
S1-119786375	
S1-418937345	
S1-776734341	
S1-957198910	
S1-212273598	
S1-698459318	
S1-764446710	
S1-939908830	
S1-801182916	
S1-589135567	
S1-497922602	
S1-640099636	
S1-430684576	
S1-955860694	
S1-833843631	
S1-270374262	
S1-359006661	
S1-694322483	
S1-706483969	
S1-719138020	
S1-97402341	
S1-262897966	
S1-831263508	
S1-207870104	
S1-954966096	
S1-397483970	
S1-566985350	
S1-933480424	
S1-623784954	
S1-711394727	
S1-796719938	
S1-502491879	
S1-86669781	
S1-583384100	
S1-915841058	
S1-966769353	
S1-879388318	
S1-874103737	
S1-477983981	
S1-583467282	
S1-77789352	
S1-829335530	
S1-351619925	
S1-774369953	
S1-839339509	
S1-270504207	
S1-898708747	
S1-309847626	
S1-909712727	
S1-966107305	
S1-932578281	S3-339404721
S1-272874920	
S1-842700541	
S1-390365780	
S1-2811658	
S1-269189023	
S1-267438414	
S1-260673039	
S1-723712187	
S1-391794726	
S1-641751026	
S1-216807484	
S1-274699301	S2-570938565
S1-908645084	
S1-38875703	
S1-679368592	
S1-821677350	
S1-15545944	
S1-943329616	
S1-634321605	
S1-313626997	
S1-100359541	
S1-637797984	
S1-379195337	
S1-234550898	
S1-406392588	
S1-495351627	
S1-793507501	
S1-771930744	
S1-755529603	
S1-17285347	
S1-786683989	
S1-518499488	
S1-969037467	
S1-112105337	
S1-891805689	
S1-90567044	
S1-640948451	
S1-770777147	S2-918251252
S1-298425298	
S1-714209199	
S1-636038319	
S1-68375848	
S1-170085667	
S1-602217067	
S1-845140294	
S1-883009176	
S1-77530361	
S1-182084216	
S1-280830820	
S1-66503498	
S1-420404651	
S1-455463015	
S1-897586643	
S1-346860260	
S1-672535147	
S1-834661967	S2-36828249
S1-13568582	
S1-532277923	
S1-884086603	S3-282283528
S1-772785408	
S1-66122982	
S1-320635713	
S1-126802207	
S1-243925012	
S1-58458923	
S1-686151713	
S1-992030228	
S1-707654187	
S1-399847178	
S1-97561978	
S1-531355773	
S1-525743843	
S1-229536930	
S1-617547844	S3-246844879
S1-565144931	
S1-506579759	
S1-552799124	
S1-412137705	
S1-229142060	
S1-200888928	S3-274201481
S1-327434090	
S1-650796516	S3-786716426
S1-182241142	
S1-165859335	
S1-326400266	
S1-223682574	
S1-684123266	
S1-178860307	
S1-208146705	
S1-920706360	
S1-358414167	
S1-237769195	
S1-716580053	
S1-408679409	
S1-749263346	
S1-788811627	
S1-747351860	
S1-247360572	
S1-105270139	
S1-795336648	
S1-950313963	S2-537261059,S2-866925296
S1-330198462	S3-696283143,S2-703370408
S1-988732496	
S1-692613625	
S1-233785241	
S1-690008284	
S1-388414926	
S1-311623805	
S1-445163330	
S1-729662612	
S1-232511168	
S1-328093416	
S1-761576588	
S1-108792063	
S1-265289426	
S1-188031294	
S1-47141318	
S1-126781671	
S1-767882622	
S1-878369663	
S1-57533637	
S1-935343417	S3-886665878
S1-315015315	
S1-690058086	
S1-811848104	
S1-495174624	
S1-989325698	
S1-714035593	
S1-887053787	
S1-984321695	
S1-600773367	S2-658177613
S1-698276748	
S1-136467356	
S1-502650745	
S1-171194005	
S1-797540060	
S1-299413395	
S1-732882109	
S1-712494607	
S1-670562787	
S1-167416791	
S1-949448979	
S1-321967872	
S1-533802440	
S1-63167530	
S1-111045673	
S1-246465845	
S1-37243464	
S1-961007386	
S1-96853638	
S1-227798853	
S1-164113536	
S1-931974349	
S1-209055696	
S1-363346004	
S1-733331638	
S1-904321676	
S1-572532707	S3-906714339
S1-960597060	
S1-548371713	
S1-575657945	
S1-674924361	
S1-325431204	
S1-416872134	
S1-19479616	
S1-227035619	
S1-338295640	
S1-343852177	
S1-623318616	
S1-567241517	
S1-162859792	
S1-262932565	
S1-580412073	
S1-285720404	
S1-84301728	
S1-585599252	
S1-906687030	
S1-727284336	
S1-388734409	
S1-519370400	
S1-138300971	
S1-297140727	
S1-250874842	
S1-104405590	
S1-477697962	
S1-122354494	
S1-361337097	
S1-942424339	
S1-753548321	
S1-760543643	S2-39141187
S1-530535375	
S1-59537994	
S1-828300536	
S1-163962017	
S1-299757810	
S1-62784730	
S1-330510268	
S1-20973494	
S1-976595606	
S1-547548656	
S1-863216669	
S1-423484835	
S1-973059416	
S1-750504042	
S1-569290609	
S1-192933167	
S1-56301069	
S1-561985981	
S1-301624431	
S1-397787935	
S1-879613374	
S1-774089672	
S1-743337394	
S1-583925030	
S1-2390973	
S1-718132913	
S1-44497861	
S1-891484560	
S1-258123924	
S1-118952109	
S1-768100443	
S1-371734247	
S1-360155057	
S1-554948404	
S1-598774783	
S1-948709767	
S1-544215124	
S1-423222073	
S1-776252211	
S1-788444644	
S1-869000900	
S1-149662867	
S1-854458597	
S1-774810022	
S1-877729485	
S1-395792885	
S1-207340089	
S1-853676387	
S1-838411833	
S1-753875120	
S1-639371043	
S1-945294188	
S1-799415811	
S1-366543443	
S1-200840520	
S1-76565395	
S1-558501041	
S1-808610410	
S1-915000117	
S1-886258004	
S1-126431801	
S1-576658859	
S1-968484694	
S1-280792604	
S1-647984180	
S1-835590819	
S1-837982175	
S1-686927236	
S1-256121865	
S1-731146963	
S1-302012233	
S1-692855266	
S1-216537028	
S1-939626	
S1-876772702	
S1-958004903	
S1-221538393	
S1-969299992	S2-582899998
S1-337107618	
S1-268578201	
S1-973541456	
S1-698059362	
S1-40547430	
S1-339772513	
S1-662374004	
S1-452116839	
S1-148530305	
S1-859238291	
S1-267533756	
S1-539390466	
S1-347019365	
S1-763332077	
S1-378985716	
S1-457104788	
S1-682709934	
S1-742193630	
S1-454305453	
S1-755892646	
S1-409136350	
S1-903134697	
S1-888711216	
S1-622525678	
S1-753055987	
S1-88170897	
S1-232572331	
S1-301070526	
S1-572834333	
S1-520968902	
S1-810879397	
S1-581121171	
S1-105011848	
S1-963413958	
S1-73325208	
S1-600777102	
S1-254581735	
S1-186989410	
S1-601272091	
S1-823328357	
S1-289244998	
S1-135820996	
S1-10760515	
S1-650106144	
S1-457591386	
S1-668400611	
S1-501961829	
S1-568683696	
S1-967546653	
S1-843011547	
S1-257699830	
S1-251942281	
S1-463927482	
S1-877880788	
S1-683438830	
S1-289853533	
S1-547629145	
S1-637342777	
S1-681620122	
S1-461321314	
S1-31189208	
S1-196973873	
S1-893339981	
S1-558678689	
S1-446744241	
S1-591921423	
S1-172772277	
S1-471179741	
S1-659626685	
S1-216329013	
S1-248695642	
S1-8072775	
S1-682103786	
S1-371386335	
S1-682547558	
S1-208676817	
S1-596944901	
S1-339945201	
S1-662592597	
S1-406167163	
S1-383016334	
S1-946318557	
S1-100819500	
S1-940581717	
S1-110229684	
S1-457961557	
S1-162406892	
S1-390696272	
S1-299388203	
S1-575391505	
S1-740798849	
S1-325499142	
S1-190336444	
S1-420378488	
S1-620209703	
S1-436155211	
S1-128098632	
S1-457694215	
S1-305305690	
S1-368043966	
S1-908881208	
S1-25616026	
S1-367565357	
S1-425868264	
S1-973936741	
S1-764093232	
S1-140681410	
S1-647057071	
S1-599868309	S3-335310368
S1-465507463	
S1-437748859	
S1-163460140	
S1-964911653	
S1-17237	
S1-686344841	
S1-275180206	
S1-16358774	
S1-276129182	
S1-859414953	
S1-410637332	
S1-718026690	
S1-627713600	
S1-868537473	
S1-577097380	
S1-616283652	
S1-823644937	S2-864834070
S1-795458889	
S1-638638529	
S1-336279844	
S1-582755360	
S1-791462110	
S1-906237713	
S1-770568550	
S1-389159827	
S1-485026124	
S1-456544577	
S1-507021895	
S1-700463339	
S1-104327082	
S1-806863865	
S1-402398533	
S1-495331281	
S1-567876733	
S1-264310471	
S1-195684324	
S1-445206701	
S1-865879110	
S1-874513269	
S1-772771741	S3-635805431
S1-569953800	
S1-449416350	
S1-668236464	
S1-248304131	
S1-185720303	
S1-577406899	
S1-194021831	
S1-995050678	
S1-741984765	
S1-481575994	
S1-696878608	
S1-230656342	
S1-709615029	
S1-748764749	
S1-907522842	
S1-767518240	
S1-892482934	
S1-45116132	
S1-343621061	
S1-475118392	
S1-389946789	
S1-26580495	
S1-52360655	
S1-42040800	
S1-165467938	
S1-417433913	
S1-964323364	
S1-681547612	
S1-802987371	
S1-451285009	
S1-777285511	
S1-877239698	
S1-738947689	
S1-578236886	
S1-210198957	
S1-413722093	
S1-336088117	
S1-633365845	
S1-64922289	
S1-270985992	
S1-665390484	
S1-756504254	
S1-225408997	
S1-680910323	
S1-558254487	
S1-388571742	
S1-687260888	
S1-796556453	
S1-465072411	
S1-525290724	
S1-693051226	
S1-573653643	
S1-168162866	S3-518914406
S1-158773651	
S1-702582816	
S1-901226644	
S1-248528233	S3-122291025
S1-439764006	
S1-752916288	
S1-52597883	
S1-125446167	
S1-553306836	
S1-879937225	
S1-424298384	
S1-795967471	
S1-408030553	
S1-59392386	
S1-569488945	
S1-838662345	
S1-668383543	S3-221637258
S1-54128580	
S1-501166227	
S1-404870625	
S1-593532452	
S1-226616989	
S1-786792632	
S1-400520291	
S1-645442803	
S1-647766286	
S1-597284535	
S1-29385484	
S1-289025752	
S1-133614675	
S1-894907681	
S1-643110561	
S1-850617675	
S1-990211526	
S1-432028465	
S1-626490969	
S1-81003364	
S1-923627059	
S1-816214252	
S1-208610524	
S1-54269529	
S1-719728166	
S1-824205657	
S1-187974511	
S1-374854604	S2-233187817
S1-895747583	
S1-15915555	
S1-25458026	
S1-68944548	
S1-276917705	
S1-561486631	
S1-95241062	
S1-239027205	
S1-7854949	
S1-17999028	
S1-939643602	
S1-581287407	
S1-537901179	
S1-22859851	
S1-619101218	
S1-45914348	
S1-937654793	
S1-716095484	S3-503418662
S1-897798635	
S1-808131472	
S1-289701669	
S1-258160137	
S1-287295859	
S1-806318583	S3-960615699
S1-299624151	
S1-27282648	
S1-47389759	
S1-767810568	
S1-737741777	
S1-388022718	
S1-858497606	
S1-569942088	
S1-825526468	
S1-234316984	
S1-6541838	
S1-498832375	
S1-723908623	S2-800356590
S1-155738807	
S1-111963123	
S1-79164996	
S1-906567504	
S1-509519930	
S1-277262515	
S1-647606369	S3-110163757
S1-54994648	
S1-912597139	
S1-8191429	
S1-948989299	
S1-872663478	
S1-382297773	
S1-415023374	S3-15803650
S1-399429436	
S1-518041640	
S1-752331468	
S1-666095800	
S1-744892273	S2-901107395
S1-364522787	
S1-942509059	
S1-170520719	
S1-761734571	
S1-374802647	
S1-573363981	
S1-335547686	
S1-188788179	
S1-134436839	
S1-695049617	
S1-243525200	
S1-873752498	
S1-831884403	
S1-637002751	
S1-231730821	
S1-924952065	
S1-857913262	S3-920269096,S3-276765752,S2-190133241
S1-671444651	
S1-347680120	
S1-19826830	
S1-442744950	
S1-509202269	
S1-383094685	
S1-565919955	
S1-556135843	
S1-300689912	
S1-817215496	
S1-836599148	
S1-784973179	
S1-873774151	
S1-319026700	
S1-845839068	
S1-646574130	
S1-695187678	
S1-511127170	
S1-398641009	
S1-16571235	
S1-508493380	
S1-791964515	
S1-618456238	
S1-571721195	
S1-34862922	
S1-407883984	
S1-546798692	
S1-900637920	
S1-69665456	
S1-656575327	
S1-696457407	
S1-507812306	S3-589832018
S1-860558300	
S1-945048858	
S1-682201404	S3-888995270
S1-860754229	
S1-334057948	S2-929627457
S1-192027534	
S1-67953036	
S1-415682353	S2-353237309
S1-497756798	
S1-326326235	S2-844855030
S1-577133174	
S1-936595539	
S1-56124549	S3-282267102
S1-593638587	
S1-413339576	
S1-665247847	
S1-28123896	
S1-606943535	
S1-798407020	
S1-353154055	
S1-603276983	
S1-976788539	
S1-445430956	
S1-63740996	
S1-8311	
S1-92310557	
S1-738328380	
S1-865108985	S3-52843996
S1-136711583	
S1-356167952	
S1-866081360	
S1-616933789	
S1-102188609	
S1-263872335	
S1-43603534	
S1-859054985	
S1-846575179	
S1-101612463	
S1-761443028	
S1-75497328	
S1-814543780	
S1-419214050	
S1-612767237	
S1-388799711	
S1-539204681	
S1-602408805	
S1-63267733	
S1-649674401	
S1-346578773	
S1-518916646	
S1-384227461	
S1-55570293	
S1-52965289	
S1-963811531	
S1-678427807	
S1-236911790	S2-121272906
S1-592028487	S2-446151218
S1-984749940	
S1-839932572	
S1-671996097	
S1-981985815	
S1-258226823	S2-166999994
S1-5043327	S2-610269788
S1-126611915	
S1-410375554	
S1-996838052	
S1-98864754	
S1-815516617	
S1-715239885	
S1-655287518	
S1-433291992	
S1-772788772	
S1-546856925	
S1-51769616	
S1-611376928	
S1-233466217	
S1-27251921	
S1-784192299	
S1-167047628	
S1-792413115	
S1-614597542	
S1-510629858	
S1-743987944	
S1-70249391	
S1-630026467	
S1-872637748	
S1-903856561	
S1-335755193	
S1-233224500	
S1-814958021	
S1-593144090	
S1-934663220	
S1-887221038	
S1-295319282	
S1-659403750	
S1-933686164	
S1-863572307	
S1-61574851	
S1-701308180	
S1-564107174	
S1-322458920	
S1-53992340	
S1-785135668	
S1-191562352	
S1-461093442	
S1-809695694	
S1-495563195	
S1-137437337	
S1-737933599	
S1-469374331	
S1-112532787	
S1-418267311	
S1-952070069	
S1-586434837	
S1-306247010	
S1-436556243	
S1-498189260	
S1-230599421	
S1-459997480	
S1-27868953	
S1-685133320	
S1-846327143	
S1-290991419	S3-42753625
S1-914669242	
S1-154002329	
S1-283276013	
S1-875472689	
S1-480426003	S3-467291682
S1-399341669	
S1-182500586	
S1-299569	
S1-857494218	S3-704160103
S1-658269734	
S1-779729959	
S1-994524939	
S1-692474426	
S1-898417599	
S1-187253722	
S1-531545659	S2-860496465
S1-246160467	S3-891041190
S1-64092559	
S1-202176742	
S1-767844466	
S1-449481551	
S1-991934309	
S1-304435703	S2-229019514
S1-344243926	
S1-387062579	
S1-624776810	
S1-214986914	
S1-211982603	
S1-894559939	
S1-315165289	
S1-521099000	S2-309320331
S1-465611187	
S1-559415102	
S1-168244945	
S1-157246995	S3-258987207
S1-619714903	
S1-803387714	
S1-191184010	
S1-118651414	
S1-746583579	
S1-850803923	
S1-450131878	
S1-683921454	
S1-501918333	
S1-543552951	
S1-64485913	
S1-72566962	
S1-723630443	
S1-754762278	
S1-626481229	
S1-212298738	
S1-31382406	
S1-847533780	
S1-628705804	
S1-491296010	
S1-575693855	
S1-109902667	
S1-815047846	
S1-819348451	
S1-731915408	
S1-811178938	
S1-719315688	
S1-109644214	
S1-939865837	
S1-278796701	
S1-95016489	S3-10875908
S1-442812901	
S1-590792986	
S1-874347280	
S1-901143535	
S1-599706878	
S1-312705009	
S1-765245333	
S1-645072408	
S1-998870936	
S1-607269490	
S1-627678873	
S1-779280122	
S1-171462701	
S1-771545106	
S1-528842460	
S1-154961203	S3-570376769
S1-413708121	
S1-75722890	
S1-28769107	
S1-891946684	
S1-430869521	
S1-776140842	
S1-644219377	
S1-12518748	
S1-542126082	
S1-758773284	
S1-595263328	
S1-978666448	
S1-766519921	
S1-291292616	S2-512521605
S1-907644098	
S1-299053210	
S1-393254246	
S1-82563851	S2-859070338
S1-418506742	
S1-359682377	
S1-670229399	
S1-37891632	
S1-567183515	
S1-483650289	
S1-956292145	
S1-683382418	
S1-63686889	S2-177742569
S1-421889871	
S1-601336764	
S1-57187590	
S1-963092602	
S1-605458900	
S1-896498269	
S1-407295995	
S1-671959767	
S1-143575126	
S1-773053369	
S1-670006017	
S1-695016170	
S1-87095652	
S1-64998918	
S1-954281362	
S1-756034787	
S1-400332234	
S1-478363799	
S1-915198887	
S1-641729711	
S1-185152570	
S1-889284563	
S1-585610785	
S1-407046324	
S1-257749388	
S1-472029773	
S1-92432776	
S1-796702249	
S1-210465185	
S1-812340837	S2-346895831
S1-326193164	
S1-609268157	
S1-583100019	
S1-609930574	
S1-915431766	
S1-94162431	
S1-227075122	
S1-834608281	
S1-931992163	
S1-629370670	
S1-286208357	
S1-904064318	
S1-36342274	
S1-657378985	
S1-318018440	
S1-416949955	
S1-466270414	
S1-520149516	
S1-191737096	
S1-799058568	
S1-866563969	
S1-369727645	
S1-15513785	
S1-29085463	
S1-291940906	
S1-482492630	
S1-884768593	
S1-573562387	
S1-899150513	
S1-82063170	
S1-805220659	
S1-137212070	
S1-12507238	
S1-476939611	
S1-403325445	
S1-646363394	
S1-517316199	
S1-277168141	
S1-921058148	
S1-409197440	
S1-302717380	
S1-24577726	
S1-321769302	
S1-847065245	
S1-384714724	
S1-230175249	
S1-300412539	
S1-289261662	S2-516358604
S1-592215089	
S1-183319028	
S1-848959978	
S1-852738840	
S1-501519488	
S1-767737932	
S1-773169815	
S1-517219027	
S1-849337569	
S1-446908967	
S1-89403920	S3-76143712
S1-124889042	
S1-580503127	
S1-669656145	
S1-367231447	
S1-413869760	
S1-845122632	
S1-473236250	
S1-421847090	
S1-670797053	
S1-430650571	
S1-344811823	
S1-701302588	
S1-408779190	
S1-717824007	
S1-893625088	
S1-783921218	
S1-47765899	
S1-827873458	
S1-201252249	
S1-61522952	
S1-427111556	
S1-500111305	
S1-97788919	S2-976966144
S1-811043366	
S1-606061807	
S1-36939038	
S1-607265029	
S1-770482527	
S1-589261095	
S1-425016152	
S1-364353235	S3-327874167
S1-407942256	
S1-659758002	
S1-284420807	
S1-716361070	
S1-457323377	
S1-558875100	
S1-471527219	
S1-703172615	
S1-852551485	
S1-487876252	
S1-850000734	
S1-416635721	
S1-701755747	
S1-139634145	
S1-835606344	
S1-292108379	
S1-509140769	
S1-514422254	
S1-593808790	S3-853674619
S1-228508849	
S1-177108165	
S1-163124059	
S1-484786608	
S1-320308575	
S1-247064404	
S1-738044213	
S1-970198722	
S1-729138646	
S1-738660958	
S1-106151676	
S1-609006542	
S1-921265602	
S1-365787478	
S1-114075447	
S1-903134151	
S1-48558425	
S1-414888081	
S1-339084994	
S1-744690655	
S1-191567192	
S1-212686644	
S1-780224435	
S1-854644969	
S1-580109096	
S1-298238013	S3-46948339
S1-677809959	
S1-254258193	
S1-221237748	S3-122666214
S1-491304269	
S1-494369763	
S1-509622485	
S1-896769633	
S1-318769674	
S1-459387888	
S1-523251448	
S1-195367499	S3-887048721
S1-332880667	
S1-743886822	
S1-919955888	
S1-281835698	
S1-257249358	
S1-359604405	
S1-806874116	
S1-373237062	
S1-7714837	
S1-508615868	
S1-934241424	
S1-127806488	
S1-762335426	
S1-559771449	
S1-194941253	
S1-377218525	
S1-54330086	
S1-479021502	
S1-11348579	
S1-409656976	
S1-877863245	
S1-116213143	
S1-348177126	
S1-545582001	
S1-352620980	
S1-862058730	
S1-334384011	
S1-768659147	
S1-911165710	
S1-303027429	
S1-92400152	
S1-798873098	
S1-950910654	
S1-892817862	
S1-113897220	
S1-575560747	
S1-928495370	
S1-785209859	
S1-204926812	S3-702212946
S1-510870761	
S1-236522858	
S1-127175398	
S1-943468234	
S1-292592634	S3-743544325
S1-87342754	
S1-988817686	
S1-417065691	
S1-949124111	
S1-201294734	S2-553701181
S1-246841605	
S1-620700100	
S1-959895021	
S1-230889179	
S1-930593892	
S1-198267554	
S1-486827410	
S1-423189783	
S1-662254443	
S1-630095166	
S1-124900056	
S1-237943669	
S1-723048592	
S1-369567435	
S1-25707465	
S1-99693387	
S1-429381526	
S1-984643342	
S1-447275662	
S1-630800997	
S1-491548581	
S1-82659415	
S1-612376914	
S1-395939889	
S1-864448450	S3-16594658
S1-288336515	
S1-853274882	
S1-128623598	
S1-801691216	
S1-592555745	
S1-58292916	
S1-229339907	
S1-32523202	
S1-283479614	
S1-228736594	
S1-663233872	
S1-667222105	
S1-514195515	
S1-360034208	
S1-286556396	
S1-232707334	
S1-598208196	
S1-924151771	
S1-459130576	
S1-389945765	
S1-33289900	
S1-571861	
S1-846561619	
S1-61736724	
S1-810509046	
S1-380786445	
S1-95521249	
S1-175568007	
S1-978538883	
S1-404230626	
S1-371913096	
S1-327791295	
S1-559916601	
S1-515500423	
S1-223576983	
S1-482023158	
S1-789803776	
S1-729656352	
S1-488029902	
S1-464427393	
S1-179261659	
S1-831153091	
S1-919779921	
S1-352639696	
S1-440255857	
S1-132708697	
S1-903522956	
S1-679022664	
S1-513017558	
S1-761498416	
S1-309744096	
S1-298601713	
S1-563535472	
S1-619199901	
S1-675726921	
S1-423380416	
S1-479924708	
S1-200927253	
S1-859340582	
S1-170853660	
S1-696885299	
S1-549059824	
S1-312501737	
S1-180092339	S3-385805957
S1-443692196	
S1-697239913	
S1-542666323	
S1-966222140	S3-15803650
S1-697268544	
S1-37731582	
S1-499430969	
S1-188533202	
S1-964253238	
S1-87745512	
S1-876870102	
S1-704026304	
S1-319860605	
S1-209647072	
S1-953699499	
S1-294665470	
S1-442170835	
S1-250222990	
S1-948803002	
S1-814112748	S2-70624814
S1-364159631	
S1-951141724	
S1-743386522	
S1-362880732	
S1-717433758	
S1-428086138	
S1-446530299	
S1-630163564	
S1-858966059	
S1-804354975	
S1-100305759	
S1-531089025	
S1-392645554	
S1-773637819	
S1-647351959	
S1-501456208	
S1-120466737	
S1-976814979	
S1-191342926	
S1-94725866	
S1-600415010	
S1-619891056	
S1-137940703	
S1-369792179	
S1-411466101	
S1-275565833	
S1-751996764	
S1-416541253	
S1-453414957	
S1-473869308	
S1-362971943	S2-230423405
S1-919014328	
S1-50412769	
S1-285748228	
S1-684006801	
S1-152875357	
S1-558600160	
S1-732848694	
S1-239015847	
S1-782553097	
S1-774740585	
S1-109821561	
S1-550818838	
S1-665012104	
S1-206189904	
S1-720208682	
S1-990928477	
S1-343271920	
S1-870514435	
S1-815195907	
S1-530671450	
S1-581405782	
S1-757981137	
S1-621293842	S3-476201763
S1-531472025	
S1-321712875	
S1-697868054	
S1-764491897	
S1-304335946	
S1-301316341	
S1-546896277	
S1-215452630	
S1-505549337	S2-343061761
S1-30695292	
S1-363735788	
S1-935741096	
S1-538901975	
S1-886950761	
S1-890901978	
S1-64328115	
S1-786012176	
S1-754818861	
S1-678630024	
S1-842355674	
S1-226536824	
S1-593240772	
S1-267032738	
S1-120408975	
S1-235902193	
S1-881317916	
S1-820003954	
S1-826225796	
S1-549647032	
S1-322513179	
S1-552009202	
S1-49849540	
S1-372159172	
S1-16048987	
S1-120468034	
S1-550147097	
S1-416133326	
S1-670983621	
S1-853730060	
S1-320732899	
S1-82536729	
S1-737274692	
S1-75676071	
S1-761954154	
S1-862034961	
S1-785102378	
S1-836912475	
S1-620744603	
S1-199590893	
S1-446115171	
S1-866563719	
S1-555294007	
S1-397333202	
S1-179644340	
S1-575329640	
S1-904006695	
S1-229150270	
S1-181123799	
S1-971086139	
S1-528527190	
S1-644641547	
S1-989813589	
S1-425611728	
S1-665833102	
S1-494353257	
S1-589884230	
S1-14284699	
S1-27072560	
S1-235392071	
S1-230049052	
S1-95473584	
S1-819148464	
S1-555402378	
S1-697186006	
S1-551823600	
S1-424638867	
S1-287467004	
S1-390095896	S3-115778372
S1-483838487	
S1-223877454	
S1-319173131	
S1-323286552	
S1-90938500	
S1-485412217	
S1-858973492	
S1-801705098	
S1-38766086	
S1-33690681	
S1-563817906	
S1-529548284	
S1-973452245	
S1-149463812	
S1-258383298	
S1-121091673	
S1-246198745	
S1-405109936	
S1-242954937	
S1-578298439	
S1-212866342	
S1-915945628	
S1-369388411	
S1-777640806	
S1-844794217	
S1-268441547	
S1-717107490	
S1-284199421	
S1-179373044	
S1-30604702	
S1-63845497	
S1-786185986	
S1-846508090	
S1-366028266	
S1-512235620	S3-85948893,S2-900972088
S1-302864622	
S1-432337756	
S1-974328030	
S1-616348207	
S1-108415482	
S1-843758546	
S1-172199623	
S1-65884391	S2-685495764
S1-165022996	
S1-619582737	
S1-548246638	
S1-178081069	
S1-578476883	
S1-860087356	
S1-909761846	S2-242824965
S1-225451909	
S1-441726642	
S1-853839466	
S1-223529035	
S1-531900995	
S1-690513090	
S1-305572791	
S1-559265100	
S1-814107636	
S1-221156655	
S1-711708937	
S1-534291918	
S1-905245696	
S1-929058093	
S1-560697433	
S1-533965328	
S1-178840466	
S1-282776222	
S1-314299036	
S1-242445880	
S1-417773128	S2-629353688,S3-598586803
S1-858741471	
S1-638571098	
S1-24105235	
S1-729182081	
S1-724213280	S3-301398318
S1-478567676	
S1-75350419	
S1-180993544	
S1-580310381	
S1-557038358	
S1-255948449	
S1-26861401	
S1-528509192	
S1-86732168	
S1-570048978	
S1-816352537	
S1-281753648	
S1-111538284	
S1-514730817	
S1-1981772	
S1-659706319	
S1-102019567	
S1-610872423	
S1-540092406	
S1-771326929	
S1-158985118	
S1-708232013	
S1-836639454	
S1-181222511	
S1-420186023	
S1-714240609	
S1-381168336	
S1-358256670	
S1-693688089	
S1-374000785	
S1-936930594	
S1-7740464	
S1-516214338	
S1-297611915	
S1-511085939	
S1-236150607	
S1-485940743	
S1-690524142	
S1-107191515	
S1-23049509	
S1-273274733	
S1-891633158	
S1-878481328	
S1-209552198	
S1-422087910	
S1-460722996	
S1-685036580	
S1-375596702	
S1-437124827	
S1-27960036	
S1-84604619	
S1-600743120	
S1-609791891	
S1-948496421	
S1-861135447	
S1-142063328	
S1-29308611	
S1-641385335	
S1-47206674	
S1-85469660	
S1-868424052	
S1-29600747	
S1-988857599	S3-862002717
S1-973801102	
S1-35012254	
S1-749837225	
S1-438661118	
S1-209663664	
S1-242914074	
S1-224089944	
S1-822872311	
S1-516898573	
S1-703268286	
S1-878325044	
S1-772176530	
S1-744325991	
S1-573253213	
S1-313599488	
S1-426250814	
S1-182858912	
S1-434171414	
S1-129850265	
S1-247801768	
S1-818998893	
S1-954317611	
S1-854074799	
S1-578070334	
S1-15687319	
S1-810634894	
S1-398262438	
S1-903645964	
S1-464452178	
S1-578541737	
S1-998011738	
S1-905282232	S2-864466548
S1-495727596	
S1-175074172	
S1-633631782	
S1-197521538	
S1-487797751	
S1-673513052	
S1-130896243	
S1-306316555	
S1-413582746	S3-535447990
S1-764962048	
S1-512127871	
S1-147592693	S2-998042877
S1-630218447	
S1-874094622	
S1-751872745	
S1-494392320	
S1-866639304	
S1-833780854	
S1-398839111	
S1-864914177	
S1-293774794	
S1-281300528	
S1-265253791	
S1-493372197	
S1-908504143	
S1-118966592	
S1-852907087	
S1-464702410	
S1-445483226	S2-444661569
S1-892079579	
S1-159860722	
S1-52874224	
S1-283578199	
S1-876020378	
S1-802959861	
S1-573273275	
S1-716860105	
S1-162842957	
S1-222655256	
S1-446953294	
S1-415755261	
S1-486425231	
S1-824554392	
S1-297187902	
S1-2901088	
S1-528807862	
S1-445019192	
S1-310658919	
S1-190959837	
S1-965067458	
S1-481948787	
S1-812323767	
S1-275075478	
S1-641395046	
S1-782275712	
S1-647533843	
S1-109513568	
S1-363463976	
S1-632890339	
S1-922859206	
S1-768091657	
S1-961240125	
S1-112836922	
S1-44820879	
S1-461162003	
S1-403954354	S2-410637388
S1-841667500	S2-344025235
S1-556281278	
S1-892349219	
S1-401506192	
S1-867117534	
S1-958795779	
S1-379142284	
S1-603503353	S2-300562862
S1-619754308	
S1-31757247	
S1-533942952	
S1-588609776	
S1-307850832	
S1-933110830	
S1-501054919	
S1-957166869	
S1-808582988	
S1-221492557	
S1-460429421	
S1-613577974	
S1-314006921	
S1-795244245	
S1-363836664	
S1-644074017	
S1-171809953	
S1-148011725	
S1-127308990	
S1-478241581	
S1-924109026	S3-352897908
S1-663093263	
S1-964997485	
S1-525383045	
S1-282646769	
S1-329883713	
S1-398480182	
S1-82067440	
S1-43741577	
S1-923342332	
S1-766444235	
S1-468482864	
S1-206418765	
S1-856379622	
S1-233675452	
S1-888964697	
S1-734050921	
S1-665765871	
S1-124637811	
S1-233230957	
S1-942399631	
S1-338520900	
S1-833402084	
S1-621791702	
S1-167965537	
S1-706019886	
S1-891826206	
S1-225561860	
S1-720217216	
S1-258517770	
S1-521264778	
S1-473526358	
S1-177120104	
S1-858540733	
S1-622275769	S2-330389456
S1-98737771	S3-609275581
S1-71203565	
S1-470446985	
S1-577751319	
S1-408985238	
S1-232677889	
S1-857148771	
S1-179152510	
S1-888715662	
S1-967898563	
S1-105582481	
S1-639000910	
S1-321863954	
S1-345604075	
S1-206986252	
S1-870352784	
S1-986157647	
S1-312471825	
S1-309965561	
S1-102398723	
S1-615627755	
S1-325910976	
S1-224386776	S2-196788293,S2-407770135
S1-936216258	
S1-415339621	S2-695327654
S1-37763903	
S1-50640912	S3-528681142
S1-694363494	S2-15051924
S1-626826999	
S1-682448683	
S1-130198945	S3-396600035
S1-118439638	
S1-870739689	
S1-119169313	
S1-306051254	
S1-829053265	
S1-462102330	
S1-539501205	
S1-882007435	
S1-77902910	
S1-518949049	
S1-306446982	
S1-889876549	
S1-324256810	
S1-653021307	
S1-833357629	
S1-571706649	
S1-3675307	
S1-935781182	
S1-540051442	
S1-331620964	
S1-921545105	
S1-333868631	
S1-828492680	
S1-931808162	
S1-386472077	
S1-922489791	
S1-787713213	
S1-955883263	
S1-615850121	
S1-508683167	
S1-239606852	
S1-632461117	
S1-585117350	
S1-162808421	
S1-185545626	
S1-328271713	
S1-691696615	
S1-207788022	
S1-10313767	
S1-515842070	
S1-818445779	
S1-275579843	
S1-496594790	
S1-339795762	
S1-389675748	
S1-655688505	
S1-509945595	
S1-613608463	
S1-741181295	
S1-510272292	
S1-741863456	
S1-872863498	
S1-713354883	
S1-68774095	
S1-929046088	
S1-703795534	
S1-689158420	
S1-90802829	
S1-91745917	
S1-48083104	
S1-76003690	
S1-300033711	S2-982787538
S1-414377345	
S1-974535151	
S1-842931845	
S1-710418146	
S1-331392714	S2-732779808
S1-996110685	
S1-252653633	
S1-5447936	
S1-395463481	
S1-178161230	
S1-790277518	
S1-987559442	
S1-452740869	
S1-683466530	
S1-937511701	
S1-56876340	
S1-27490728	
S1-534350273	
S1-959427256	
S1-488254976	
S1-792069325	
S1-139452581	
S1-527586173	
S1-997601677	
S1-822184143	
S1-52905238	
S1-30218033	
S1-390474306	
S1-973311979	
S1-211089480	
S1-313876672	
S1-904835218	
S1-721978922	
S1-404093706	
S1-498212254	
S1-672723326	
S1-137030996	S3-194896573,S2-239745217
S1-184550390	
S1-140213059	
S1-920829692	
S1-788140937	
S1-952601041	
S1-320974557	
S1-286914328	
S1-123286901	
S1-641226232	
S1-439785776	
S1-778086506	
S1-423806942	
S1-820555351	
S1-467489322	
S1-93506517	S2-799721827
S1-56176164	S2-991299201
S1-586473104	
S1-165669509	
S1-971904520	
S1-162190818	
S1-469819748	
S1-640564952	
S1-895212892	
S1-896631819	
S1-453635647	
S1-584659621	
S1-236878917	
S1-812841341	
S1-353110620	
S1-877126196	
S1-641102112	
S1-870961107	
S1-294498162	
S1-772840355	S3-341131099,S3-339178275
S1-494444320	
S1-488636608	
S1-12057648	
S1-738945154	
S1-192117882	
S1-825557370	
S1-204625910	
S1-377457137	
S1-136987311	
S1-467235260	
S1-636768604	
S1-261754239	
S1-77696330	
S1-636069543	S2-568216966
S1-793013876	
S1-598547543	
S1-302623604	
S1-653935937	
S1-216816636	S3-264452178
S1-560912049	
S1-741390577	S3-377785594
S1-904089599	
S1-136193672	S2-280277822
S1-745355852	
S1-612153981	
S1-329536305	
S1-377366311	
S1-413510748	
S1-459755434	
S1-895336224	
S1-286952886	
S1-997955733	
S1-905103235	
S1-894115702	
S1-874061899	
S1-828297953	
S1-901709205	
S1-501099278	
S1-216217164	
S1-191773474	
S1-280692017	
S1-851951802	
S1-339137945	
S1-393985043	
S1-237826828	
S1-96417959	
S1-966734831	
S1-236950604	S3-594884768
S1-281986121	
S1-294946832	
S1-742218579	
S1-461640799	
S1-43523508	
S1-860035398	
S1-667634640	
S1-159607010	
S1-153136074	
S1-967483407	
S1-655097575	S2-228137793
S1-639941646	
S1-191185288	
S1-211922875	
S1-356061883	
S1-815374316	
S1-785004436	
S1-590064411	
S1-339043341	
S1-118711000	
S1-865004953	
S1-340842834	
S1-939568333	
S1-310030386	
S1-388417307	
S1-239864111	
S1-649053111	
S1-636598768	
S1-194436425	
S1-312952440	S2-555289208
S1-912643939	
S1-158449120	
S1-543440859	
S1-855928525	
S1-741411301	
S1-491549659	
S1-542103967	
S1-449071639	
S1-606164309	
S1-61615565	
S1-215687627	
S1-755124782	
S1-242227474	
S1-917562107	
S1-627132087	
S1-712637331	
S1-2740649	
S1-218477149	
S1-634223855	
S1-21578547	
S1-878983019	
S1-137954799	
S1-74642167	
S1-876782127	
S1-11418241	
S1-337418517	
S1-924657544	
S1-875757072	
S1-852220788	
S1-955556150	
S1-199266697	
S1-463717459	
S1-392609130	
S1-809267613	
S1-65549191	
S1-934058850	
S1-969661819	
S1-189433171	
S1-727728431	
S1-868473662	
S1-133925626	
S1-879360039	
S1-924445088	
S1-499839652	
S1-576577248	
S1-625052138	
S1-425915111	
S1-378755077	
S1-450893055	
S1-841868648	
S1-772485929	
S1-231501432	
S1-571654791	S3-1511892
S1-555387545	
S1-440902195	
S1-361103625	
S1-200441965	
S1-338389645	
S1-111298993	
S1-763932889	
S1-669682105	
S1-554656631	
S1-648671087	
S1-776501152	
S1-475377097	S3-87546276,S3-171250728
S1-861088379	
S1-587176386	
S1-458110102	
S1-923388966	
S1-652674198	
S1-867203990	
S1-633816023	
S1-746707777	
S1-470972083	
S1-47928035	
S1-153096706	
S1-625336705	S3-920269096
S1-169695200	
S1-689303502	
S1-664452705	
S1-73623497	
S1-387018490	
S1-104197948	S2-995117399,S2-247508546
S1-816349498	
S1-295148681	
S1-183784958	
S1-17332448	
S1-151733532	
S1-64649384	
S1-88316099	
S1-674536007	
S1-355502055	
S1-969221055	
S1-844739411	
S1-797247809	
S1-384392224	S2-557382558
S1-218943047	
S1-255607794	
S1-714320019	
S1-94617451	
S1-784167172	
S1-86907678	
S1-638978589	
S1-99216513	
S1-306569963	
S1-512270372	
S1-206843485	
S1-104418838	
S1-582306412	S2-719000328
S1-618670549	
S1-312516096	
S1-265966348	
S1-798377785	
S1-7186104	
S1-594992212	
S1-399943886	
S1-211820995	
S1-873233009	
S1-649664717	S2-908854056
S1-551576315	
S1-883160032	
S1-115318169	
S1-536109368	
S1-824773717	
S1-85142085	
S1-873989043	
S1-563891560	
S1-111845799	
S1-696279405	
S1-275747420	
S1-996438302	
S1-634909973	
S1-324237368	
S1-331637858	
S1-193377532	
S1-487216337	
S1-475834262	
S1-433799173	
S1-536230899	
S1-526346075	
S1-531706847	
S1-111758997	
S1-136916364	
S1-700470574	
S1-571199695	
S1-927727483	
S1-749529040	
S1-161033664	
S1-836728302	S2-796757247
S1-944852794	
S1-175856913	
S1-281039711	
S1-591822961	
S1-594401900	
S1-529251885	
S1-509077403	
S1-251874853	
S1-93424593	
S1-277293237	
S1-84288802	
S1-798745167	
S1-397972123	
S1-755540420	
S1-697052810	
S1-278894038	S2-574834099
S1-196446242	S3-56674565
S1-224472918	
S1-416127041	S3-271508369
S1-769744772	
S1-496698393	
S1-281676409	
S1-995737616	
S1-444741838	
S1-433016656	
S1-593599911	S3-750209442
S1-460848542	
S1-820900653	
S1-695018013	
S1-865587784	
S1-39473933	
S1-926465164	
S1-223373224	S2-930153830
S1-814523851	
S1-577446497	
S1-236776578	S3-989649199
S1-865301767	
S1-131395880	
S1-891754357	
S1-173058029	
S1-616881728	
S1-434078961	S2-173018263
S1-950168284	
S1-629131066	
S1-504980237	
S1-435768436	
S1-470987532	
S1-763847703	
S1-54953016	
S1-816123270	S2-400072635
S1-266058798	
S1-177292716	S2-400026267
S1-807552081	
S1-879041006	
S1-491781323	
S1-536985875	
S1-634692046	
S1-823441212	
S1-250688715	
S1-76974521	
S1-62475254	
S1-44017681	
S1-950476956	
S1-876389277	
S1-938816643	
S1-909838068	
S1-762664937	
S1-44386237	
S1-974199382	
S1-479272569	
S1-758324273	
S1-130097289	
S1-886089870	
S1-142937231	
S1-76966239	
S1-855250723	
S1-63470387	
S1-319068557	
S1-936689938	
S1-400182534	
S1-258862386	
S1-521316220	
S1-644705133	
S1-409805548	
S1-28318938	
S1-944346532	S2-825977388
S1-985408678	
S1-718696214	S2-330393596
S1-533208317	
S1-911000737	
S1-2742224	
S1-913282124	
S1-632825124	
S1-239667311	
S1-27845594	
S1-480750007	
S1-122294312	
S1-649356871	
S1-634985319	
S1-303476653	
S1-707244128	
S1-960279353	
S1-249798379	
S1-207411712	
S1-150565021	
S1-262035091	
S1-53300126	
S1-906338716	
S1-132561483	
S1-668099939	
S1-637985568	
S1-865600513	
S1-890940751	S3-920269096,S2-305655759,S2-569313778,S2-190133241
S1-592552420	S3-65665395
S1-75661663	
S1-39710586	
S1-481450635	S2-7812975
S1-147833972	
S1-843670575	
S1-566511202	S2-598910220
S1-776763516	
S1-465571550	
S1-763595389	
S1-687418504	
S1-78010038	
S1-902465896	S2-496540116
S1-800059937	
S1-78847968	
S1-799041944	
S1-245886907	
S1-221332088	
S1-203179241	
S1-434799228	
S1-918751406	
S1-924587303	
S1-983758582	
S1-228994303	
S1-768273395	
S1-203038616	
S1-345465315	
S1-648035982	
S1-448041710	
S1-563220320	
S1-939386031	
S1-355175849	
S1-391243183	
S1-396658749	
S1-340328595	
S1-232341660	
S1-417402399	
S1-69859107	
S1-523861150	S2-122376143
S1-276342926	
S1-373082864	S2-343887549
S1-253137329	
S1-662844072	
S1-973242367	
S1-212227318	
S1-998817685	S2-708398448,S3-953401886
S1-877144865	
S1-605798416	
S1-104839977	
S1-751056592	
S1-446356635	
S1-422627533	
S1-344701187	
S1-597611791	
S1-138510660	
S1-845497999	
S1-987504284	
S1-14573647	
S1-716779504	
S1-899851491	S2-316086677
S1-962541396	
S1-966604302	
S1-789602919	
S1-824815738	
S1-572621335	
S1-288887565	
S1-160066893	
S1-857406600	
S1-599966937	
S1-488294037	
S1-995730728	
S1-630829620	
S1-218383232	
S1-437791013	
S1-633975434	
S1-757689774	
S1-167649186	
S1-421044477	
S1-449931171	
S1-577956934	
S1-810214450	
S1-277272208	
S1-73311891	
S1-266246260	
S1-789939672	S3-584132342
S1-884485499	
S1-673356157	
S1-205807039	
S1-598751255	
S1-825460727	
S1-771446653	
S1-735012275	
S1-906730801	
S1-90863995	
S1-147580627	
S1-96531025	
S1-270697095	
S1-185771325	
S1-98620686	
S1-397569856	
S1-611270485	
S1-221194098	
S1-992093677	
S1-65922615	
S1-723544274	
S1-589744062	
S1-78293557	
S1-210880194	
S1-379517135	
S1-915538026	
S1-567499854	
S1-755371152	
S1-337430118	
S1-312262090	
S1-835184040	
S1-314277485	
S1-994030614	S2-281972741
S1-635799644	
S1-489613422	
S1-414716666	
S1-398444655	
S1-536773757	
S1-932809902	
S1-14185879	
S1-712548891	
S1-363320463	
S1-760782562	
S1-604282370	
S1-587400043	
S1-764280366	
S1-800825868	
S1-418368501	
S1-884829870	
S1-25696854	
S1-331765365	
S1-688177305	
S1-357834196	
S1-130458907	
S1-120449800	
S1-580234309	
S1-940883859	
S1-832477688	
S1-544515040	
S1-483247091	
S1-781935717	
S1-675136939	
S1-638740725	
S1-346849772	
S1-59481690	
S1-661642137	
S1-762351758	
S1-232194488	
S1-497262880	
S1-966863206	
S1-130493995	
S1-158998557	
S1-349525415	
S1-607076753	
S1-345673612	
S1-258295263	
S1-695925648	
S1-331549860	
S1-296321290	
S1-88363850	
S1-777890543	
S1-810863056	
S1-865501711	
S1-883175073	
S1-955947537	
S1-666145519	
S1-2553318	
S1-82334254	
S1-440236562	
S1-852080958	
S1-571882898	
S1-266242360	
S1-560407002	
S1-426276828	
S1-379558561	
S1-618461477	
S1-188000736	
S1-427742536	
S1-180436631	
S1-122975467	
S1-110372443	
S1-34525693	
S1-976768825	
S1-780113348	
S1-962908461	
S1-913157229	
S1-53324249	
S1-134822797	
S1-988024335	S3-349352618
S1-286894849	
S1-570428936	
S1-485269184	S2-435637700,S3-836160060,S2-773385143
S1-676789158	
S1-341730481	
S1-591317250	
S1-887481050	
S1-516197621	
S1-914751213	
S1-833166061	
S1-846310612	
S1-733613690	S3-185136449
S1-892076726	
S1-159008545	
S1-186639352	
S1-709195903	
S1-850411540	
S1-445571041	
S1-848657410	
S1-575956853	
S1-305761555	
S1-364056011	S3-128407855
S1-108793020	
S1-84183475	
S1-612222232	S2-339032108
S1-208597767	
S1-115034109	
S1-927260607	
S1-293112580	
S1-523824844	
S1-18655405	
S1-697581221	
S1-208823370	
S1-875747143	
S1-866548878	
S1-349750836	
S1-274808948	
S1-350343699	
S1-288212623	
S1-886233407	S2-448228566
S1-987400771	
S1-306357786	
S1-941385477	
S1-183831286	
S1-410642929	S3-792614634
S1-316024503	S3-349667639,S3-147437972
S1-543129669	
S1-315029895	
S1-147506508	
S1-155593068	
S1-198410753	
S1-257481986	
S1-100468482	
S1-676660789	
S1-296862208	
S1-641109293	
S1-872248835	
S1-420872269	
S1-126988630	
S1-252892281	
S1-371657160	
S1-461172350	
S1-334655499	S3-911560904,S2-24027238
S1-704429957	
S1-366840595	
S1-947930429	
S1-605041585	
S1-662259536	
S1-411094346	
S1-187857970	
S1-19628952	
S1-908141146	
S1-141588275	
S1-22407269	
S1-613781518	
S1-659845991	
S1-800182152	
S1-115296335	
S1-458090780	
S1-137876294	
S1-991130179	S3-304527077
S1-447570612	
S1-49119840	
S1-924202336	
S1-5965107	
S1-946311891	
S1-598382878	
S1-210362732	
S1-838435698	
S1-972962322	
S1-62074351	
S1-450578853	
S1-132148863	
S1-769964168	
S1-668121502	
S1-564698920	
S1-889049038	
S1-225765327	
S1-272452754	
S1-969724754	
S1-991095244	
S1-261695940	
S1-918961052	S3-579187543
S1-295629057	S2-40031969
S1-402014872	
S1-912711363	
S1-322673392	
S1-928812650	S3-529816326
S1-154112072	S2-777686896
S1-908679631	
S1-204687543	
S1-196767149	
S1-167206866	
S1-650197765	
S1-868320330	
S1-184692175	
S1-307651265	
S1-438367329	
S1-585876610	
S1-171777750	
S1-138492356	
S1-751652436	
S1-101252241	
S1-110291441	
S1-959251961	
S1-47570761	
S1-776551315	
S1-417563036	
S1-723663783	
S1-878703935	
S1-886536908	S3-849711479
S1-738643232	
S1-918075632	
S1-276821656	
S1-352921431	
S1-543890084	
S1-935688216	
S1-177561953	
S1-788407781	
S1-6620281	S3-387393693
S1-152760756	
S1-83934597	
S1-580883511	
S1-424130439	
S1-10990481	
S1-417906387	
S1-461408233	
S1-226735848	
S1-232145650	S3-437137168
S1-664425440	
S1-236564037	
S1-252427733	
S1-845581835	
S1-717579095	
S1-675909539	
S1-308390262	
S1-304909148	
S1-140285422	
S1-745073970	
S1-994184920	
S1-850815684	
S1-765813614	
S1-990712192	
S1-586026808	
S1-731636219	S2-177742569
S1-953260682	
S1-158483640	
S1-541086312	
S1-447457631	
S1-541561764	
S1-311052241	S3-30038948
S1-732406370	
S1-4437112	S3-708835881
S1-734768678	
S1-555909787	
S1-16047841	
S1-942146473	
S1-744886180	
S1-323065500	
S1-147062036	
S1-110339567	
S1-453946840	
S1-88587137	
S1-66782975	
S1-40209581	
S1-445211471	
S1-834889307	
S1-33386101	
S1-131941750	
S1-671771364	
S1-121453686	
S1-620369047	
S1-731877909	
S1-353029594	
S1-450783242	
S1-36974765	
S1-77224700	
S1-225298418	
S1-790157240	
S1-408667596	
S1-999525241	
S1-76420724	S3-873576689
S1-533712188	
S1-331754224	
S1-75818457	
S1-38568506	
S1-304444210	
S1-103983607	
S1-755185995	
S1-332157065	
S1-1124079	
S1-585091058	
S1-430734581	
S1-786534075	
S1-756179623	
S1-342762074	
S1-89515888	
S1-239732075	
S1-724354467	
S1-454419955	
S1-520626867	
S1-263153849	
S1-582583859	
S1-466262880	
S1-896354371	
S1-884596071	
S1-771762799	
S1-774645587	
S1-654393871	
S1-453005950	
S1-607730245	
S1-662835606	
S1-436367346	
S1-806958836	
S1-275034854	
S1-919278225	
S1-169498	
S1-142995818	
S1-378226769	
S1-544213566	
S1-82926801	
S1-332352623	
S1-365320585	
S1-295304159	
S1-393120371	S2-79699880
S1-450641345	
S1-173167160	
S1-905595275	
S1-52268974	
S1-249106589	
S1-732564295	
S1-704817781	
S1-597693356	
S1-922068358	
S1-256708998	
S1-786997056	
S1-393967974	
S1-265093816	
S1-631254202	
S1-856649703	
S1-796095356	
S1-991756270	
S1-952712711	
S1-415800538	
S1-366062960	
S1-854286186	
S1-571350922	
S1-96934632	S2-518825618
S1-536074103	
S1-256933726	
S1-659838611	
S1-469960180	
S1-131927532	
S1-638568229	
S1-580537077	
S1-211363706	
S1-183702079	
S1-150859650	
S1-502556293	
S1-124026781	
S1-826515787	S2-713773961
S1-334664617	S2-545372305
S1-573768411	
S1-636371331	
S1-642487517	
S1-737962227	
S1-514543349	
S1-734894769	
S1-788038371	
S1-363154414	
S1-80338544	
S1-742454334	S3-170762201
S1-73738533	S2-558868407
S1-608287701	
S1-836039024	
S1-174768957	
S1-965570960	
S1-376932304	
S1-442072364	
S1-340188476	
S1-384096114	
S1-332215282	
S1-329138008	
S1-542545498	
S1-994684047	
S1-808989853	
S1-237069155	
S1-253355160	
S1-690528331	
S1-316646171	
S1-68862896	
S1-830665990	
S1-518400511	
S1-216602006	
S1-958465623	S3-30475725
S1-849926548	
S1-825095682	
S1-212732692	
S1-52184853	
S1-413492068	
S1-579068050	
S1-341515328	
S1-438552623	
S1-331707369	
S1-852434194	
S1-260425	
S1-130212953	
S1-126568117	
S1-619932786	
S1-26352210	
S1-583041954	
S1-946002240	
S1-535290952	
S1-621790305	
S1-36036462	
S1-311867463	
S1-447306681	
S1-290598430	
S1-688032023	
S1-982440943	
S1-539910863	
S1-39877008	
S1-72034660	
S1-442863850	
S1-408028826	
S1-926975244	
S1-79469343	
S1-152376861	
S1-953031104	
S1-295889935	
S1-304874292	
S1-622122023	
S1-464690707	
S1-715425998	
S1-782479387	
S1-865119953	
S1-525750398	
S1-445226781	
S1-346467021	
S1-68299398	
S1-714138260	
S1-57219526	
S1-427335620	
S1-538391845	
S1-218801673	
S1-359745963	
S1-156155613	
S1-495056150	S2-435637700,S3-836160060,S2-419415915
S1-952643889	
S1-370701629	
S1-420327724	S3-105858579
S1-12890042	
S1-468679897	
S1-506767985	
S1-59364954	
S1-691619049	
S1-970673129	
S1-798529459	
S1-494961406	
S1-490351954	
S1-534537994	
S1-313659384	
S1-506870729	
S1-560117299	
S1-468627851	
S1-637683564	
S1-786137583	
S1-770617326	S2-70532845
S1-13564292	
S1-330036703	
S1-92892806	
S1-515469313	
S1-966268482	
S1-589290428	
S1-327090744	
S1-526666469	
S1-285831859	
S1-967728375	
S1-154254502	
S1-898566916	
S1-447088324	
S1-11100199	
S1-439473675	
S1-938924863	
S1-241402925	
S1-577424984	
S1-24720694	
S1-609126595	
S1-585534910	
S1-193127326	S3-812766501
S1-65709108	
S1-926496358	
S1-39451864	
S1-980553016	S3-710787923
S1-503617581	
S1-23133203	
S1-447865720	
S1-610086163	
S1-968258011	
S1-651542922	
S1-962160642	
S1-633396736	
S1-281434090	
S1-178238996	
S1-862080615	
S1-766441512	
S1-940418383	
S1-155373616	
S1-982915354	
S1-582761935	
S1-495683908	
S1-458852097	
S1-524566910	
S1-65208952	
S1-876926766	
S1-85676554	
S1-719245852	
S1-757130909	S2-989620868
S1-369847696	
S1-538222891	
S1-943256708	
S1-583099050	
S1-77358141	
S1-464870612	
S1-285482145	
S1-727576791	
S1-696499482	
S1-84891516	
S1-2770629	
S1-424891641	S2-607887464
S1-657439356	
S1-576660001	S2-225626070,S3-289498011,S3-535548533,S3-872966346,S3-370047838,S3-363135210
S1-938718478	
S1-677071320	
S1-19526777	
S1-405159566	
S1-634940974	
S1-74954516	
S1-611982180	
S1-314321886	
S1-293137028	
S1-107965488	
S1-641954309	
S1-538173733	
S1-3405683	
S1-910285419	
S1-66074785	
S1-54220257	
S1-989064115	
S1-574564538	
S1-740838564	
S1-799850022	
S1-352818894	
S1-239397329	
S1-356017999	
S1-254536371	
S1-782523388	
S1-735025202	
S1-607748771	
S1-96485267	
S1-865141844	
S1-107262099	
S1-661987934	
S1-807197668	
S1-500676759	S3-365164431
S1-274088005	
S1-460751588	
S1-874229232	
S1-38702020	
S1-596656527	
S1-121573151	
S1-337807331	
S1-547242392	S3-891375334
S1-746287026	
S1-1341002	
S1-126603515	
S1-784110444	
S1-901411396	
S1-75666278	
S1-737889596	
S1-323849965	
S1-530832528	
S1-629099302	
S1-323320570	
S1-63967404	
S1-184483192	
S1-292607067	
S1-501291004	
S1-347417928	
S1-78220790	
S1-170372632	
S1-743404909	
S1-924659257	
S1-867054468	
S1-119110070	
S1-801134416	
S1-767226028	
S1-63930576	
S1-16213264	S2-881357609
S1-915639126	
S1-858685451	
S1-96252698	
S1-370498696	
S1-978309474	
S1-145686185	
S1-405638438	
S1-785776605	
S1-401358003	
S1-10365409	
S1-20260778	
S1-152756686	
S1-660892864	S2-805328323
S1-271842355	
S1-731224908	
S1-966585445	S3-170762201
S1-236121419	
S1-386494588	
S1-513998550	
S1-132939012	S2-257327984
S1-67843416	
S1-700205740	
S1-987806860	
S1-137100065	
S1-953194296	
S1-336838732	
S1-435584678	
S1-789845870	
S1-20877668	S3-193127942
S1-658257872	
S1-785476526	
S1-198522193	S3-861670581
S1-986628430	
S1-526603185	
S1-738845045	
S1-724506462	
S1-869647336	
S1-600642632	
S1-691265499	
S1-576533459	
S1-894700744	
S1-283425297	
S1-911255415	
S1-967101447	
S1-139411058	
S1-883238973	
S1-32072812	
S1-249584499	
S1-796327514	
S1-700772577	
S1-953829108	
S1-704159573	S3-511931922
S1-647379438	
S1-832471068	
S1-730944137	
S1-784397499	
S1-300130353	
S1-100918111	
S1-353824748	
S1-731133908	
S1-460179186	
S1-239440160	
S1-97029253	
S1-253633990	
S1-340901165	
S1-906728626	
S1-758394831	S3-503418662
S1-828269525	
S1-386353425	
S1-627891218	
S1-648942492	
S1-820635491	
S1-436465609	
S1-330891303	
S1-194254972	
S1-397033184	
S1-339239494	
S1-961894238	
S1-211747393	
S1-640253666	
S1-205166317	
S1-415744334	
S1-93072054	
S1-660266459	
S1-264967531	
S1-12763453	
S1-309027259	
S1-104924960	
S1-190467591	
S1-23652367	
S1-131990564	
S1-651423032	
S1-918166522	
S1-901912226	
S1-963029532	
S1-258319345	
S1-77432356	
S1-324354492	
S1-725535815	
S1-447592701	
S1-45699184	S2-596292852
S1-89435494	S2-483177746
S1-300517363	
S1-116334348	
S1-124793271	
S1-289076522	
S1-997091319	S2-616884613
S1-817747006	
S1-870898592	
S1-483969169	
S1-310283993	
S1-447360933	
S1-664382833	
S1-400322007	
S1-457617831	
S1-799353889	
S1-327163285	
S1-582383418	
S1-58519215	
S1-377388109	
S1-24957683	
S1-132600795	
S1-65676246	
S1-694004604	
S1-588776454	
S1-175566514	
S1-347855496	
S1-494797922	
S1-773290836	
S1-831642474	
S1-632206758	
S1-736884581	
S1-694162922	
S1-894958723	
S1-665915344	
S1-804919881	
S1-101333182	
S1-124146332	
S1-507253918	
S1-543907912	
S1-887288911	
S1-98374529	
S1-56144700	
S1-352372064	
S1-229431384	
S1-258024322	
S1-321046391	
S1-644159971	
S1-958826479	
S1-606541294	
S1-424046743	
S1-238712571	S3-733549166
S1-417170044	
S1-543398261	
S1-876564860	
S1-236888198	
S1-759859246	
S1-280211885	
S1-746389944	
S1-750537449	S2-734375767
S1-286275656	
S1-152083219	
S1-9082814	
S1-576148763	
S1-797598094	
S1-236585084	
S1-506540932	
S1-8940201	
S1-448612111	S3-721311469
S1-925237966	
S1-589228981	
S1-777825325	
S1-278665012	
S1-331937907	S3-320795258
S1-179837466	S2-724185261
S1-494256510	
S1-130668951	
S1-718238095	
S1-406637582	S3-826196330
S1-332804704	
S1-522166551	
S1-661394590	
S1-125639766	
S1-686758944	
S1-671589747	
S1-597947983	
S1-16430889	
S1-148488359	
S1-664502939	
S1-365009351	
S1-639583735	
S1-392337309	
S1-256471438	
S1-506897195	
S1-529603805	
S1-538895555	
S1-656863021	
S1-927996229	
S1-631618401	
S1-373198670	
S1-83227146	
S1-606039696	
S1-438170038	
S1-374518517	S2-677162656
S1-110626808	
S1-228772159	
S1-608195759	
S1-620557309	
S1-47166064	
S1-418954873	
S1-380783701	
S1-415519989	
S1-102929131	S3-112206665
S1-55502011	
S1-230594210	
S1-187210590	
S1-972199841	
S1-128134241	
S1-362782946	
S1-120828665	
S1-563614019	
S1-78055169	
S1-379919845	
S1-474042815	
S1-585435446	S3-287765030
S1-456886411	
S1-387519850	S3-533906418
S1-631003127	
S1-810169385	
S1-839306610	
S1-210916591	
S1-242250404	
S1-127785872	
S1-813725083	
S1-523611945	
S1-636806701	
S1-297786519	
S1-736042372	
S1-95252554	
S1-832493610	
S1-630733761	
S1-530757181	
S1-112266745	
S1-770743167	
S1-37669323	
S1-91158575	S3-634541402
S1-796519627	
S1-982340250	
S1-269463344	S2-622085121
S1-508682300	
S1-430466768	
S1-878980560	
S1-81093266	
S1-707241181	
S1-100403093	
S1-450247377	
S1-778908378	S2-713612085
S1-496079293	
S1-640088948	
S1-637840253	S3-222356900
S1-30807240	
S1-305800937	
S1-263294771	S2-888186108
S1-56731822	
S1-28173211	S3-59274469
S1-265061857	
S1-247163948	
S1-74363816	
S1-615327476	
S1-80606973	
S1-27064534	
S1-130328718	
S1-41949411	
S1-412341724	
S1-9910521	S3-697313465
S1-92267938	
S1-67107145	
S1-895534611	
S1-86926168	
S1-629074915	
S1-294685900	
S1-61088582	
S1-517310945	
S1-854726359	
S1-849491774	
S1-928344406	
S1-719564278	
S1-362466163	
S1-605443238	
S1-393288881	
S1-652683304	
S1-550199612	
S1-797445161	
S1-480082770	
S1-1678936	
S1-314387801	
S1-908315368	
S1-197769250	
S1-681328424	
S1-451913032	
S1-761930617	
S1-971238963	
S1-808281235	
S1-818655272	S2-696018382
S1-671739750	
S1-954829490	
S1-696397038	S2-884218986
S1-782059150	
S1-310208671	
S1-229283903	
S1-556589156	
S1-568754494	
S1-697655199	
S1-401885802	
S1-23751508	
S1-829345921	
S1-663990607	
S1-363015523	
S1-879155822	
S1-863920848	
S1-280903694	
S1-227835477	
S1-59102240	
S1-273837534	
S1-773692743	
S1-326634279	
S1-921026788	
S1-46411264	
S1-791363193	
S1-300028336	
S1-779231540	
S1-142261821	
S1-764699897	
S1-588168353	
S1-959480582	
S1-314416737	
S1-985085343	
S1-212456362	
S1-524218456	
S1-846053416	
S1-213574380	
S1-947488458	
S1-404007069	
S1-778997839	
S1-767890025	S2-912969181
S1-107480374	
S1-600817184	
S1-288300766	
S1-491775540	
S1-908827181	
S1-835529118	
S1-168198192	
S1-619945160	
S1-378382919	
S1-141235467	
S1-147179569	
S1-10105577	
S1-357430043	
S1-462491327	
S1-142443374	
S1-630046311	S3-661587111
S1-987171649	
S1-268964765	
S1-979684357	
S1-837792306	
S1-218472920	
S1-865607210	
S1-846202245	
S1-293943739	S2-665402281
S1-581826505	
S1-541887702	S3-145584312
S1-162433974	
S1-759255348	
S1-821830579	
S1-517708962	
S1-611490558	
S1-550250752	
S1-356660947	
S1-339332601	S2-472376886
S1-101457518	
S1-125703595	
S1-199813303	
S1-575631597	
S1-81414832	
S1-904716755	
S1-170132494	
S1-83995212	
S1-576497568	S3-234351399
S1-967980637	S3-165032849
S1-430958276	
S1-254756845	
S1-668358626	
S1-143666514	
S1-750200283	
S1-703245741	
S1-605452704	
S1-863977294	
S1-640736865	
S1-472381385	
S1-468593275	
S1-568669194	
S1-99346035	
S1-793585327	
S1-864065813	
S1-935984040	
S1-762780687	
S1-501230415	
S1-840043842	
S1-382412921	
S1-211211755	
S1-17745187	
S1-665302650	
S1-509732331	
S1-348417591	
S1-138578872	
S1-774481436	
S1-725380118	
S1-426892603	
S1-619200122	
S1-58385355	
S1-346419265	
S1-349892147	
S1-716918089	
S1-92493333	
S1-832551265	
S1-274659379	
S1-364110547	S3-180361953
S1-184308097	
S1-193509600	
S1-611732206	
S1-933420305	
S1-794936523	
S1-710057855	S3-98062985
S1-580963046	
S1-748780671	
S1-289349005	
S1-638320897	
S1-529093165	
S1-253783716	
S1-503913201	
S1-766154093	
S1-561891059	
S1-237544881	
S1-533539818	S3-925105310
S1-560760744	
S1-5003239	
S1-106016994	
S1-303898077	
S1-636859353	
S1-553196000	
S1-525971472	
S1-476521730	
S1-931794811	
S1-846452070	
S1-304773611	
S1-734643017	
S1-773951379	
S1-956316291	
S1-166448061	
S1-232441294	
S1-755937497	
S1-130149165	
S1-125980597	
S1-319066141	S2-274698522,S2-864466548,S2-305517768
S1-532322749	
S1-359887633	
S1-248977466	
S1-225986124	
S1-188434876	S2-110671755
S1-415531695	
S1-16132129	
S1-458748018	
S1-347867603	
S1-762481020	
S1-758672300	
S1-514398956	
S1-22516602	
S1-596458505	
S1-821690223	
S1-778050778	
S1-775413601	
S1-47996452	
S1-432151271	
S1-357627233	
S1-204920541	
S1-874440723	
S1-129960268	S3-766352630
S1-118541413	
S1-785513508	
S1-70471422	
S1-818678730	
S1-160515360	
S1-976296141	
S1-608247691	
S1-11698627	
S1-557564013	
S1-496590044	
S1-155796552	
S1-62125987	
S1-903935348	S3-839046873,S3-55208975
S1-403124791	
S1-486200552	
S1-471563377	
S1-908931103	
S1-231674625	S2-775919640
S1-63049192	
S1-138978016	
S1-629428520	
S1-231483113	
S1-47042849	
S1-624806254	
S1-162716056	
S1-31156436	
S1-980517675	
S1-133351082	
S1-278735141	
S1-962861548	S3-89697728
S1-18961361	
S1-88498248	S3-335026245
S1-984022273	
S1-976003042	
S1-333200514	
S1-395743104	
S1-649116464	S3-660057299
S1-264215544	
S1-822230475	
S1-677861749	
S1-891526082	
S1-67867492	
S1-844183814	
S1-43933298	
S1-191702924	
S1-7696566	
S1-202455580	
S1-571451101	
S1-600776988	
S1-709807070	
S1-548940210	
S1-627530830	
S1-199614559	S2-322646676
S1-130372133	
S1-353393662	
S1-205588130	
S1-765955099	
S1-565908399	
S1-277022621	
S1-69316934	
S1-409682919	
S1-39223179	
S1-611723790	
S1-852363448	
S1-588691483	
S1-723828525	
S1-967334993	
S1-71916598	
S1-752902537	
S1-197850012	
S1-175911078	
S1-317774204	
S1-877511063	
S1-389945718	
S1-732950932	
S1-547856475	
S1-413194153	
S1-65929241	
S1-134879220	
S1-610835114	
S1-484648679	
S1-431510925	
S1-215371773	
S1-774360343	
S1-705669100	
S1-569628811	
S1-847547664	
S1-514327720	
S1-590440295	
S1-837480002	
S1-950901194	
S1-661843267	
S1-610896831	
S1-658680539	
S1-184558015	
S1-521417838	
S1-607342816	
S1-488792559	
S1-188183016	
S1-969586310	
S1-35707698	
S1-862962125	
S1-448976467	
S1-367305965	
S1-202620914	
S1-332506399	
S1-49128714	
S1-341542540	
S1-877122795	
S1-699469807	
S1-310525203	
S1-340325578	
S1-318174372	
S1-429973604	S2-796202901
S1-926627260	
S1-311077292	
S1-541589988	
S1-992708402	
S1-940729663	
S1-164949045	
S1-198907776	
S1-967077777	
S1-829027478	
S1-740697322	S3-365792351
S1-212872684	
S1-424800205	
S1-299906560	
S1-879896810	
S1-593597220	S2-381417807
S1-282524741	
S1-124156542	
S1-372405688	
S1-520228198	
S1-585271546	
S1-621418007	S2-793894201
S1-820884585	
S1-698476800	
S1-127428765	
S1-786515551	
S1-726186913	
S1-999331865	
S1-375084784	
S1-129190948	
S1-854230554	
S1-533337538	
S1-850263362	
S1-402481417	S3-839527185
S1-329281590	
S1-198312798	
S1-206014782	
S1-589522409	
S1-673269526	
S1-619925715	
S1-249158877	
S1-60680947	
S1-529665706	
S1-361302995	
S1-231338773	
S1-262801130	
S1-409035792	
S1-468633305	
S1-991878205	
S1-431171902	
S1-453946389	S3-1511892
S1-320447317	
S1-859953307	
S1-707195922	
S1-788608328	
S1-301918972	
S1-348818749	
S1-655930178	
S1-186900446	
S1-974549929	
S1-668176454	
S1-474546882	
S1-238993660	
S1-281517646	
S1-852973094	
S1-932926356	S3-464849214
S1-334516339	
S1-886804200	
S1-545367800	
S1-693709765	
S1-946782803	
S1-960071052	
S1-639412423	
S1-824497780	
S1-782187850	
S1-33358036	
S1-190022299	
S1-208484121	
S1-386975661	
S1-295515521	S3-230028470
S1-262589497	
S1-412998114	
S1-636178317	
S1-383058898	
S1-208344955	
S1-398624339	
S1-460707466	
S1-806662261	
S1-155786775	
S1-785564843	
S1-812134838	
S1-582067370	
S1-467799030	
S1-305846487	
S1-631684632	
S1-938399823	
S1-527415350	
S1-260423507	
S1-858995002	
S1-406231751	
S1-660562040	
S1-602941592	
S1-674996734	
S1-413637115	
S1-75691999	
S1-636377658	
S1-136995065	
S1-47113449	
S1-602050449	
S1-811785273	
S1-965950293	S2-48148010
S1-930962067	
S1-507594352	
S1-748167636	
S1-517047883	
S1-439074783	
S1-730217046	
S1-726006415	
S1-192133308	
S1-621926326	
S1-126873208	
S1-44821476	
S1-33290196	
S1-660004090	
S1-495904045	
S1-483351643	
S1-561833813	
S1-598567996	
S1-334168758	
S1-405836854	
S1-228966534	
S1-346847543	S2-454702417
S1-299433728	
S1-807865305	
S1-720707348	
S1-587897064	
S1-809507852	
S1-396759134	S2-768859904
S1-567515266	
S1-503179872	
S1-349501973	
S1-301142173	
S1-218043310	
S1-663854430	
S1-330789979	
S1-164066555	
S1-364240726	
S1-27461061	
S1-282931155	
S1-252057215	
S1-59460435	
S1-174020001	
S1-884112981	
S1-919320695	
S1-665195549	
S1-843892682	
S1-278315808	
S1-491507609	
S1-423912932	
S1-203590664	
S1-520608233	
S1-128989626	
S1-225370519	
S1-634049014	S2-947706800
S1-32687406	
S1-482534321	
S1-534409408	
S1-976685875	
S1-14667048	
S1-882144843	
S1-213417415	
S1-271447044	
S1-870062654	
S1-650134243	
S1-890162926	
S1-48403680	
S1-9939469	
S1-273136433	
S1-590053083	
S1-889284975	
S1-398299303	
S1-360569335	
S1-933198786	
S1-410218492	
S1-398916111	
S1-207106472	
S1-462758297	
S1-478800864	
S1-742762297	
S1-102573784	
S1-330548033	
S1-642527454	
S1-336278315	
S1-458604273	
S1-365772645	
S1-625197046	
S1-194022363	
S1-310363327	
S1-272696833	S2-503687769
S1-604604429	S3-301987068
S1-888135351	
S1-38422620	
S1-288556191	
S1-793686683	
S1-177354338	
S1-279325874	
S1-402335151	
S1-757746323	
S1-38045333	
S1-561843168	
S1-718524195	
S1-140588065	
S1-685741311	
S1-282309757	S2-599735084
S1-650263704	
S1-365899294	
S1-421966947	
S1-215635001	
S1-193249062	
S1-754747649	
S1-334291148	
S1-203379871	
S1-938674237	
S1-654914952	
S1-122442463	
S1-300467656	
S1-847521985	
S1-648333653	S3-592968707,S2-408387422
S1-896333030	
S1-455380886	
S1-871190403	
S1-959116809	
S1-603320076	
S1-979633958	
S1-203167386	S2-132982601
S1-815667121	
S1-174919087	
S1-386989745	
S1-835809274	
S1-912178446	
S1-781558518	
S1-430116142	
S1-476363629	
S1-303206671	
S1-833666875	
S1-837750118	
S1-477492590	
S1-932612570	
S1-873254460	
S1-822308160	
S1-922706103	
S1-57859184	
S1-394412407	
S1-139981419	
S1-62451050	
S1-496411452	
S1-301401796	
S1-90488407	
S1-414783852	S2-596450361
S1-473823837	
S1-402346518	
S1-894558136	
S1-876603221	S3-978467809
S1-763988181	
S1-71102439	
S1-800173234	
S1-860729670	
S1-804012721	
S1-616587469	
S1-972656895	
S1-383833148	
S1-718018034	
S1-440360202	
S1-750010767	
S1-439364727	
S1-334836107	
S1-895204523	
S1-82156006	
S1-248225745	
S1-694195293	
S1-688812307	
S1-916773393	
S1-157294620	
S1-101472393	
S1-201132000	
S1-971119017	
S1-247817195	
S1-375792654	
S1-493802387	
S1-706965611	
S1-897418212	
S1-114756331	S3-97207560
S1-496961457	
S1-380063136	
S1-296617042	
S1-648347163	
S1-392266851	
S1-661826538	
S1-809958934	S2-426293111
S1-408013483	
S1-250881491	
S1-797071564	
S1-342330561	
S1-578258935	
S1-416037890	
S1-928621866	
S1-419797425	
S1-940265242	
S1-715646267	
S1-736756212	
S1-337746796	
S1-881896391	
S1-708486821	
S1-651092260	
S1-601792676	
S1-948298501	
S1-200178692	
S1-415074915	
S1-954050047	
S1-211073569	
S1-925562014	
S1-468792119	
S1-874757841	
S1-111659203	
S1-476644272	
S1-50771090	
S1-117611704	
S1-718108742	
S1-377109213	
S1-436809206	
S1-666448563	
S1-898857626	
S1-394338875	
S1-752591937	
S1-998835318	
S1-907200347	
S1-340424958	
S1-485001415	
S1-466155937	
S1-717377497	
S1-826666165	
S1-52111729	
S1-661305710	
S1-566952845	
S1-16150388	
S1-883955543	
S1-251747404	
S1-783274917	
S1-408799058	
S1-811871618	
S1-424851492	
S1-187147226	
S1-779479232	
S1-19594666	
S1-450280678	
S1-931268918	
S1-974439143	
S1-502946270	
S1-597060750	
S1-389951516	
S1-599106850	
S1-237492799	
S1-543851467	
S1-945596739	
S1-537040284	
S1-909564753	
S1-589066369	
S1-614315425	
S1-593121140	
S1-925370792	
S1-232006987	
S1-163054852	
S1-958031571	
S1-689693759	
S1-204065542	
S1-933654553	
S1-545100288	
S1-898384342	
S1-594393458	
S1-677282161	
S1-943920295	
S1-72035464	
S1-114125094	S2-415819027
S1-606200892	
S1-291054782	
S1-245139703	
S1-729422273	
S1-713168576	
S1-72007547	
S1-910479475	
S1-86550482	
S1-93883395	
S1-581879809	
S1-794648729	
S1-156663783	
S1-427958356	
S1-111862363	
S1-823359560	
S1-6250690	
S1-341361135	S3-225327036
S1-407025971	
S1-503709096	
S1-963206681	
S1-575803770	
S1-330489787	
S1-167516644	
S1-275232462	
S1-668572738	
S1-983069566	S2-464599303
S1-395512645	
S1-354411467	
S1-831743080	
S1-881843851	
S1-648376770	
S1-102190110	
S1-393807069	
S1-505658536	
S1-508868585	
S1-946568202	
S1-775394240	
S1-341881312	S2-820875516
S1-209204710	
S1-393490163	
S1-871070835	
S1-767684732	
S1-673241322	
S1-583792772	
S1-767929916	
S1-297051196	
S1-211682394	
S1-662704217	
S1-513959385	
S1-771535989	
S1-751830866	
S1-2846375	
S1-917301139	
S1-319343004	
S1-748405209	
S1-230136734	
S1-434594768	
S1-710056595	
S1-628050177	
S1-623153175	
S1-470780604	
S1-45282645	
S1-760305011	
S1-594155985	
S1-286999771	
S1-531616051	
S1-412815502	
S1-716608130	
S1-335778914	
S1-718036714	
S1-796053551	
S1-795423288	
S1-427781210	S2-658067396
S1-611178164	
S1-425506627	
S1-535314080	
S1-974317301	
S1-399405909	
S1-982864836	
S1-14294738	
S1-467738602	
S1-154585594	
S1-832475543	
S1-2007519	
S1-257220446	
S1-851632540	
S1-396897975	
S1-778040540	
S1-547124876	
S1-197684837	
S1-163995748	
S1-873160574	S3-262040478
S1-787529618	
S1-275914837	
S1-687295627	
S1-521456592	
S1-555680747	
S1-288033462	
S1-762503626	
S1-284458601	
S1-397798586	S3-990036890
S1-348902209	
S1-223743597	
S1-983872079	
S1-172966569	
S1-814386405	S3-153747007,S2-453297184
S1-821381472	
S1-163781238	
S1-114082205	
S1-74334813	
S1-254297544	
S1-856287472	
S1-663300323	
S1-350984668	
S1-32348441	
S1-863452386	
S1-197921172	
S1-676087117	
S1-966185472	
S1-501378582	
S1-389035150	
S1-326373686	
S1-787731543	
S1-759051361	
S1-554478352	
S1-592490127	
S1-696550136	
S1-895218764	
S1-625006781	
S1-478411070	
S1-93300777	S2-666973143
S1-239042007	
S1-418705702	
S1-249215590	
S1-685783152	S3-122717923
S1-132677026	
S1-63075168	
S1-91097814	
S1-459990567	
S1-571193894	
S1-483405978	
S1-553259731	S2-929627457
S1-402892093	
S1-585212604	
S1-323796943	
S1-846647812	
S1-298579591	
S1-506330492	
S1-439741922	
S1-214699715	
S1-453508220	
S1-440105891	
S1-166458457	
S1-761173424	
S1-424371768	
S1-526905986	
S1-778900013	
S1-83691997	
S1-470270878	
S1-316608216	
S1-362468903	
S1-871969246	
S1-548171163	
S1-370816427	
S1-720653943	
S1-923705542	
S1-871344055	
S1-96947749	
S1-149293615	
S1-78903041	
S1-243230454	
S1-259591787	
S1-556421444	
S1-30441551	S3-844515021
S1-570924134	
S1-324127827	
S1-610306975	
S1-480212427	
S1-610125791	
S1-495094524	
S1-370955979	
S1-854118028	
S1-700067272	
S1-741136699	S3-690215187
S1-552606370	S3-523263632
S1-616058443	
S1-920265743	
S1-7564523	S2-355099334
S1-585243226	
S1-732008755	
S1-228740765	
S1-683168914	
S1-706821841	
S1-71140651	
S1-617648540	S2-677603979
S1-225358399	
S1-615909082	
S1-662723082	
S1-100592857	
S1-302999554	
S1-287672093	
S1-351519474	S2-415726040
S1-174593596	
S1-978588070	
S1-547460279	
S1-192978181	
S1-285356916	
S1-375768027	S3-478333932
S1-903561169	
S1-92181631	S2-63322089
S1-135359394	
S1-879637419	
S1-968017326	
S1-856033612	
S1-665557693	
S1-565499346	
S1-828584469	
S1-304740911	
S1-288376869	
S1-907364849	
S1-668646847	
S1-861692838	
S1-533111838	
S1-922594801	
S1-888546018	
S1-938551666	
S1-930955506	
S1-54170343	
S1-784054146	
S1-950431848	
S1-692611552	
S1-72110493	
S1-780934391	
S1-97193968	
S1-680780602	
S1-448938757	
S1-391417521	
S1-203598459	
S1-437987342	
S1-291319986	
S1-175058125	
S1-921369068	
S1-932160759	
S1-944917920	
S1-246025740	
S1-473582065	
S1-561758852	
S1-905524522	
S1-338782748	S3-661981266
S1-698239323	
S1-871143545	
S1-328141087	
S1-394495698	
S1-456035138	
S1-494051941	
S1-701655751	
S1-666269951	
S1-294931928	
S1-998455190	
S1-467117114	
S1-717425965	
S1-645781801	
S1-272699949	
S1-883601473	
S1-158808687	
S1-727465167	
S1-674690939	
S1-391155250	S3-170465410
S1-798152031	
S1-551957120	
S1-537405698	
S1-105283285	
S1-950024903	
S1-954608147	
S1-664755600	
S1-760659090	
S1-109887026	
S1-241732448	
S1-405061091	
S1-597516113	
S1-675748122	
S1-675373352	
S1-837405135	
S1-447064855	
S1-224361653	
S1-349795891	
S1-502270172	
S1-369900082	S2-488419070
S1-352020199	
S1-927666384	
S1-322469840	
S1-763050643	
S1-805683130	
S1-545413503	
S1-994905669	
S1-804836694	
S1-218234694	
S1-685773912	
S1-871519532	S2-844620723
S1-541320638	
S1-17842622	
S1-156484401	S3-375705641
S1-578318050	
S1-624562086	S3-641912693,S3-80859845
S1-575437903	
S1-729918700	
S1-12512129	
S1-583085135	
S1-364389099	
S1-321336514	
S1-467765897	
S1-680761359	
S1-164995760	
S1-587543772	
S1-800039853	
S1-743312010	
S1-971232706	
S1-292858072	
S1-165307352	
S1-207283439	
S1-591242706	
S1-487417555	
S1-510499165	
S1-441460798	
S1-885136497	
S1-486838600	
S1-177210019	
S1-616669578	
S1-878169891	
S1-783636734	
S1-226156462	S3-686150940
S1-699427080	
S1-714352493	
S1-499344528	
S1-222795837	
S1-174761024	
S1-375542361	
S1-122959066	
S1-635184525	
S1-873200161	
S1-912524813	
S1-825790105	
S1-615796873	
S1-681715335	
S1-834919086	
S1-345997011	
S1-514010353	
S1-74208440	
S1-394393542	
S1-77423405	
S1-689183443	
S1-715622941	S2-375758746
S1-980916051	
S1-908310999	
S1-215704137	
S1-395066203	
S1-992428112	
S1-517507629	
S1-137114351	
S1-335766929	
S1-823161620	
S1-459783153	
S1-77186432	
S1-739712613	
S1-319014456	
S1-909760455	
S1-659711568	
S1-545054377	
S1-506799797	
S1-25818598	
S1-696103256	
S1-3756221	
S1-776220514	
S1-716860128	
S1-828737506	S2-859864332,S3-647031782
S1-361624775	
S1-897874059	
S1-787221400	
S1-924211110	
S1-756611127	
S1-864444495	
S1-265865583	
S1-390450395	
S1-560508667	
S1-759815155	
S1-489842100	
S1-4521043	
S1-463897005	
S1-59657189	
S1-304949140	
S1-341245550	
S1-277528312	
S1-503755051	S3-517976353
S1-885809597	
S1-450880181	
S1-319257194	
S1-21733762	S3-524423194
S1-260872300	
S1-544762560	S3-177818751
S1-275023932	
S1-722038077	S3-473663771
S1-249418276	
S1-144535931	
S1-91124529	
S1-235241635	
S1-20868577	
S1-821916603	
S1-489987883	
S1-789191836	
S1-926723429	
S1-866739214	
S1-557014319	
S1-733004991	
S1-151111564	
S1-44299899	
S1-121882010	
S1-797714531	
S1-333477834	
S1-147553809	
S1-81360414	
S1-871024390	S2-602611802
S1-777052023	
S1-357751189	
S1-243466521	
S1-472635039	
S1-38734312	S2-398051657
S1-897811738	
S1-309543768	S3-379905806
S1-424892144	
S1-444958551	
S1-276479327	S3-39191670
S1-708148212	
S1-715360119	
S1-214686797	
S1-17511745	
S1-684215725	
S1-325481555	
S1-310279689	
S1-48575617	
S1-795296819	
S1-214816562	
S1-628382387	
S1-42785899	
S1-938572200	
S1-155277578	
S1-254782499	
S1-10604098	
S1-225113761	
S1-567448335	
S1-697477508	S2-744808996
S1-86474213	
S1-546019627	
S1-13428319	
S1-467640004	
S1-688027809	
S1-74437973	
S1-511869457	
S1-299280845	
S1-414631070	
S1-291441319	
S1-560224248	
S1-360370823	
S1-145918027	
S1-21255806	
S1-437608945	
S1-245224093	
S1-525630056	
S1-951251179	
S1-13448192	
S1-643443119	
S1-872583729	
S1-680835030	
S1-383994251	
S1-552288452	
S1-279583579	
S1-937983125	
S1-413788228	
S1-823888254	
S1-284265426	
S1-762069207	
S1-847647147	
S1-488427461	
S1-945983607	
S1-33530379	
S1-344257628	
S1-597666843	
S1-175208614	
S1-991925412	S2-197405553
S1-168079326	
S1-627030839	
S1-625587149	
S1-881922259	
S1-468502027	
S1-435316513	
S1-662816115	
S1-413986975	S3-258467540
S1-28338696	
S1-961288708	
S1-944307467	
S1-209122347	
S1-406368363	
S1-840899606	
S1-990872908	
S1-994856267	
S1-430944553	
S1-771575488	
S1-452673374	
S1-489561050	
S1-618795527	
S1-376051441	
S1-196834916	
S1-722769577	
S1-269374240	
S1-483964702	
S1-710322183	
S1-259434186	
S1-737007781	
S1-634083559	
S1-710105927	
S1-2930821	
S1-558885198	
S1-127448499	
S1-530172104	S2-576103728
S1-463553478	
S1-558896688	
S1-957772513	
S1-514311151	
S1-877891363	
S1-802087600	
S1-503102254	
S1-326559634	
S1-835158375	
S1-823072757	
S1-133916763	
S1-384932129	
S1-47290049	
S1-790330438	
S1-913962607	
S1-264387799	
S1-466587468	
S1-760972090	
S1-184279164	
S1-718435180	
S1-352739280	
S1-187083568	
S1-521124140	
S1-839441831	
S1-865765773	
S1-128446506	
S1-913847967	
S1-514986596	
S1-676944822	
S1-636391146	
S1-690980934	
S1-541255598	
S1-710947191	
S1-999559856	
S1-372259060	
S1-195927856	
S1-612631635	
S1-723091335	
S1-647988212	
S1-223349037	
S1-830559798	
S1-943716427	
S1-679348486	
S1-620835218	
S1-491487485	
S1-910383610	
S1-381836785	
S1-502270078	
S1-491519823	
S1-598553599	
S1-391512753	
S1-256815029	
S1-368059717	
S1-52689425	
S1-409504287	
S1-434989158	
S1-710152746	
S1-480382366	
S1-409473138	
S1-847015529	
S1-648844777	
S1-551196650	
S1-64235823	
S1-359294472	
S1-623617723	
S1-985015002	
S1-180305715	
S1-700498679	
S1-246833923	
S1-310663406	
S1-671421649	
S1-974197133	
S1-966510270	
S1-831889250	
S1-839905381	
S1-642388650	
S1-311052061	
S1-112531700	
S1-22982860	
S1-392111300	
S1-778788770	
S1-467016819	
S1-178495080	
S1-244831674	
S1-678216630	
S1-740520205	
S1-2335918	
S1-98912646	
S1-652215515	
S1-643699463	S3-8297749
S1-711388242	
S1-67863317	
S1-992651943	
S1-10580599	
S1-351466439	
S1-98795556	
S1-73590269	
S1-839230804	
S1-842056406	
S1-358879318	
S1-719706895	
S1-930050361	
S1-755875950	
S1-546724291	
S1-428669746	
S1-731094368	
S1-58206548	
S1-353648316	
S1-880756550	
S1-225739769	
S1-467916674	
S1-626643106	
S1-252506952	
S1-533841780	
S1-734497037	
S1-363841353	
S1-833041764	
S1-276986381	
S1-106362263	
S1-980450232	S2-518825618
S1-920111095	
S1-394692503	
S1-2135204	
S1-871052287	S2-412698023
S1-741956387	
S1-569058199	
S1-475074164	
S1-20590108	
S1-285520629	
S1-352079220	
S1-185183764	
S1-827781079	S2-334514720
S1-209228827	
S1-902673699	
S1-457034233	
S1-193606688	
S1-623507796	
S1-674979723	
S1-969172976	
S1-384784770	
S1-876601808	
S1-972891966	
S1-16572710	
S1-992854912	
S1-783513917	
S1-308847170	
S1-565658318	
S1-845744411	
S1-122712025	
S1-234209813	
S1-554811597	
S1-991337462	
S1-874879348	
S1-997875276	
S1-831931905	
S1-140764878	
S1-105665009	
S1-211322798	
S1-613332217	
S1-454676313	
S1-319563450	
S1-735900263	
S1-559243920	
S1-970896206	
S1-479597059	
S1-94542165	
S1-605117871	
S1-429546078	
S1-168833403	
S1-644799943	
S1-194208501	
S1-736345717	
S1-348556069	
S1-301760881	
S1-85663353	S2-302706687
S1-39003594	
S1-727625665	
S1-169132338	
S1-927269187	
S1-438761779	S3-449377122
S1-454153551	
S1-311180514	
S1-991947562	
S1-703569997	
S1-431700560	
S1-616538705	
S1-514977385	
S1-608313495	
S1-958682796	
S1-210386442	
S1-57843801	
S1-628799694	
S1-778685847	
S1-500242670	
S1-359143559	
S1-622871358	
S1-247802034	S2-573906695
S1-39539290	
S1-357331222	
S1-749656479	
S1-182619493	
S1-982776879	
S1-726168151	
S1-497972454	
S1-240334370	S2-678336370
S1-406756700	
S1-463468389	
S1-8688114	
S1-680243697	
S1-7564037	
S1-134224614	
S1-835235486	
S1-606624939	
S1-825997091	
S1-301941229	
S1-156127287	
S1-476774792	
S1-786094457	
S1-247894677	
S1-638234370	
S1-550145869	
S1-935923166	
S1-858312824	
S1-158096417	
S1-605686437	
S1-63379142	
S1-955431716	
S1-950412039	
S1-104269157	
S1-55646106	
S1-631808603	
S1-875669527	
S1-928565895	
S1-496832089	
S1-381790692	
S1-201205443	
S1-910778876	
S1-987949182	
S1-368021043	
S1-534090520	
S1-685182230	S3-244199932
S1-287638601	
S1-814024710	
S1-104710301	
S1-650322463	
S1-208446423	
S1-244906381	S2-574434717
S1-261219967	S3-147136666
S1-317982644	
S1-811602468	
S1-833107586	
S1-953386674	
S1-312273110	
S1-255029948	
S1-233821370	
S1-265978945	
S1-925419126	
S1-936401518	
S1-702059825	
S1-718282710	
S1-293656577	
S1-893522130	
S1-548122628	
S1-969184857	
S1-544493039	
S1-324337721	
S1-201982702	S3-371666286
S1-347995245	
S1-641403220	
S1-494896004	
S1-191440193	
S1-5132449	
S1-611884829	
S1-666360290	
S1-502710658	
S1-178686852	
S1-753741312	
S1-786302567	
S1-107600779	
S1-730964246	
S1-325106174	
S1-8782190	
S1-247776079	
S1-873130039	
S1-326574185	
S1-344513917	
S1-152432228	
S1-298582449	
S1-363279260	
S1-753021120	
S1-18053919	
S1-656700299	
S1-47602109	
S1-624895993	
S1-946090590	
S1-674916064	
S1-849394684	
S1-857960701	S2-638513106
S1-18771518	
S1-705301288	
S1-628040480	S2-93212145
S1-612920454	
S1-714970725	
S1-677237195	
S1-681002409	
S1-243587330	
S1-770588593	
S1-873171147	
S1-87023948	
S1-108697080	
S1-930128163	
S1-745236762	
S1-934789869	
S1-86951283	
S1-609269585	
S1-433215808	
S1-982832076	
S1-916802446	S2-929540243,S2-915437388
S1-704027595	
S1-48257906	
S1-480064011	
S1-828081202	
S1-969593050	
S1-791398154	
S1-782093333	
S1-334700458	
S1-789302770	
S1-544775014	
S1-374001729	
S1-699406327	
S1-265761395	
S1-690993284	
S1-760790927	
S1-366534177	S2-596283702
S1-751074220	
S1-410734556	
S1-633766236	
S1-729111166	
S1-200521410	
S1-176756733	
S1-54605562	
S1-780526363	
S1-202393177	S2-394497888
S1-339049847	
S1-929482006	
S1-360414129	
S1-353795687	
S1-805602211	
S1-490099900	
S1-275332644	
S1-277014330	
S1-759354130	
S1-241918806	
S1-698292749	
S1-649771558	
S1-852803699	
S1-571352988	
S1-266855212	
S1-999242559	
S1-751336713	
S1-275048202	
S1-656234911	
S1-343890651	
S1-766034595	
S1-898920242	
S1-23156512	S2-890509629,S3-581913724
S1-259499106	S3-723992033
S1-840595156	
S1-829653416	
S1-990658081	
S1-656932720	S2-415726040
S1-44381065	
S1-14975903	
S1-948500605	
S1-786692580	
S1-54529966	S3-343991318,S2-942737286
S1-774441651	
S1-321679119	
S1-73220901	
S1-841004592	
S1-77133870	
S1-320354561	
S1-472341966	
S1-450590238	
S1-421781000	
S1-950986457	
S1-184940636	
S1-500533906	
S1-904796801	
S1-375710591	
S1-386561437	
S1-281268702	
S1-803618171	
S1-59706107	
S1-163005039	
S1-973453413	
S1-524222762	
S1-69337771	
S1-307452732	S2-192143705
S1-393372257	
S1-24506974	
S1-5623447	
S1-695532701	
S1-606587262	
S1-812014089	
S1-397501545	
S1-188501910	
S1-947154070	S3-1511892
S1-332360089	
S1-250755309	
S1-223593761	S3-753199793
S1-984381368	
S1-798923654	
S1-225189258	
S1-901989700	
S1-253849361	
S1-55036906	
S1-311910651	
S1-563136502	
S1-578730329	
S1-336191460	
S1-597766116	
S1-46136805	
S1-507380893	
S1-22659074	
S1-808440167	S3-868364859
S1-567059538	S2-280804103
S1-484313860	
S1-318885155	S2-321177918,S3-447707958
S1-409184147	
S1-984379390	
S1-891697353	
S1-751315754	
S1-540218261	
S1-604112795	
S1-22159196	
S1-955908948	
S1-649261809	
S1-607953319	
S1-177586642	
S1-948136430	
S1-226178677	
S1-18518508	
S1-898873277	
S1-939582751	
S1-337972701	
S1-918940282	
S1-19282806	
S1-338663268	
S1-997775857	
S1-269825191	
S1-411011119	
S1-295791370	
S1-220370900	
S1-962200029	
S1-101958283	
S1-220386361	
S1-547381019	
S1-894288270	
S1-719500741	
S1-216075158	
S1-370528218	
S1-563242884	
S1-964426	
S1-685738915	
S1-536057290	
S1-225963865	
S1-637002763	
S1-386108011	
S1-510329857	
S1-614579079	
S1-666498826	
S1-818856846	
S1-764401773	
S1-510775710	
S1-116575784	
S1-617939177	S3-920269096,S2-305655759
S1-729149670	
S1-208606776	
S1-537732979	
S1-240053599	
S1-447535364	
S1-433123808	
S1-405971297	
S1-260940792	
S1-668166920	
S1-913026710	
S1-467154516	S2-868723223
S1-616663801	
S1-494601880	
S1-75261827	
S1-216226022	
S1-320356567	
S1-937933163	S3-366129811
S1-204263638	
S1-972345134	
S1-806136974	
S1-906681285	
S1-901436195	
S1-999477431	
S1-933744242	
S1-99773811	
S1-771065983	
S1-544874117	
S1-265770723	S2-58406372
S1-211378175	
S1-571040428	
S1-501004523	S2-98546124,S3-825316619,S2-933003137
S1-3382950	
S1-445054745	
S1-253436988	
S1-809474440	
S1-977212496	
S1-348672041	
S1-326576744	
S1-708574770	
S1-690780420	S2-553701181
S1-196648832	
S1-144919471	
S1-4144401	S2-63956070
S1-749949664	
S1-806704498	
S1-968026188	
S1-601304182	
S1-468304512	
S1-777901592	S2-491305887
S1-736904183	
S1-216722339	S3-613998996
S1-225364589	
S1-886060042	S3-592627636,S3-995488933,S3-464687388
S1-866000836	
S1-619191384	
S1-669115808	
S1-313003524	
S1-701790065	
S1-256516672	
S1-655865255	
S1-209781106	
S1-560940805	
S1-21103824	
S1-955642167	
S1-317706481	
S1-659510923	
S1-540070434	
S1-570902982	
S1-641960966	S2-981731432
S1-523369589	
S1-706313862	
S1-14658774	
S1-567144958	
S1-674233378	
S1-896139680	
S1-252779570	
S1-460524340	
S1-36493176	
S1-500930050	
S1-371586277	
S1-236652273	
S1-288323125	
S1-828681390	
S1-906876575	S3-424218397
S1-286086257	
S1-777912895	
S1-543874881	
S1-109281738	
S1-902896932	
S1-710477581	
S1-248513913	
S1-412797502	
S1-270681895	
S1-475668060	
S1-656911401	
S1-465968133	
S1-175167700	
S1-730804919	
S1-358062531	
S1-83243511	
S1-675019639	
S1-625838928	
S1-785844189	
S1-836048928	
S1-601410735	
S1-726305928	
S1-699288186	
S1-831357656	
S1-906112412	S2-642028119
S1-84971961	
S1-558870002	
S1-122703170	
S1-117169072	
S1-678546685	
S1-730070920	
S1-252538096	
S1-335906614	
S1-415154931	
S1-941843323	
S1-192163856	
S1-310116907	
